;Country;Sector;Value_OPEX;Value_GVA;Value_norm_OPEX
0;AT, BE, CZ, DE, DK, EE, ES, FI, FR, HU, IT, LT, LU, LV, NL, RO, SE, SI, SK and UK – Growth Accounts available from 2009;1.2.1;75075,40;237439,19;0,32
1;AT, BE, CZ, DE, DK, ES, FI, FR, IT, NL, SE and UK – Growth Accounts available from 2000;1.2.1;70629,73;214758,12;0,33
2;Austria;1.2.1;2728,00;5162,54;0,53
3;Belgium;1.2.1;1660,66;3073,67;0,54
4;Bulgaria;1.2.1;1628,77;4367,64;0,37
5;Cyprus;1.2.1;34,72;432,47;0,08
6;Czechia;1.2.1;50070,11;123723,88;0,40
7;Denmark;1.2.1;11056,16;27604,81;0,40
8;EU12 without UK;1.2.1;63708,54;198492,98;0,32
9;EU20 without UK;1.2.1;68154,20;221174,05;0,31
10;Estonia;1.2.1;404,24;582,56;0,69
11;Euro area - 19 countries  (from 2015);1.2.1;63572,67;204944,38;0,31
12;European Union - 15 countries (1995-2004);1.2.1;72333,45;226228,23;0,32
13;European Union - 27 countries (from 2020);1.2.1;77494,81;256253,54;0,30
14;European Union - 28 countries (2013-2020);1.2.1;84416,00;272518,68;0,31
15;Finland;1.2.1;1870,63;6580,28;0,28
16;France;1.2.1;13493,59;46031,24;0,29
17;Germany (until 1990 former territory of the FRG);1.2.1;11678,46;26345,91;0,44
18;Greece;1.2.1;2126,07;7765,96;0,27
19;Hungary;1.2.1;454349,81;1767564,14;0,26
20;Italy;1.2.1;11939,10;40673,96;0,29
21;Japan;1.2.1;1971991,09;8345446,51;0,24
22;Latvia;1.2.1;733,61;1237,29;0,59
23;Lithuania;1.2.1;869,18;1547,88;0,56
24;Luxembourg;1.2.1;166,99;161,08;1,04
25;Malta;1.2.1;19,25;111,13;0,17
26;Netherlands;1.2.1;5875,25;15087,87;0,39
27;Poland;1.2.1;19434,97;58588,33;0,33
28;Portugal;1.2.1;1362,94;4934,74;0,28
29;Slovakia;1.2.1;751,32;2515,43;0,30
30;Slovenia;1.2.1;499,78;1215,08;0,41
31;Spain;1.2.1;7858,66;39267,92;0,20
32;Sweden;1.2.1;32503,41;79416,83;0,41
33;United Kingdom;1.2.1;6123,25;14389,93;0,43
34;United States;1.2.1;67419,51;211627,05;0,32
35;AT, BE, CZ, DE, DK, EE, ES, FI, FR, HU, IT, LT, LU, LV, NL, RO, SE, SI, SK and UK – Growth Accounts available from 2009;1.1.3;75075,40;237439,19;0,32
36;AT, BE, CZ, DE, DK, ES, FI, FR, IT, NL, SE and UK – Growth Accounts available from 2000;1.1.3;70629,73;214758,12;0,33
37;Austria;1.1.3;2728,00;5162,54;0,53
38;Belgium;1.1.3;1660,66;3073,67;0,54
39;Bulgaria;1.1.3;1628,77;4367,64;0,37
40;Cyprus;1.1.3;34,72;432,47;0,08
41;Czechia;1.1.3;50070,11;123723,88;0,40
42;Denmark;1.1.3;11056,16;27604,81;0,40
43;EU12 without UK;1.1.3;63708,54;198492,98;0,32
44;EU20 without UK;1.1.3;68154,20;221174,05;0,31
45;Estonia;1.1.3;404,24;582,56;0,69
46;Euro area - 19 countries  (from 2015);1.1.3;63572,67;204944,38;0,31
47;European Union - 15 countries (1995-2004);1.1.3;72333,45;226228,23;0,32
48;European Union - 27 countries (from 2020);1.1.3;77494,81;256253,54;0,30
49;European Union - 28 countries (2013-2020);1.1.3;84416,00;272518,68;0,31
50;Finland;1.1.3;1870,63;6580,28;0,28
51;France;1.1.3;13493,59;46031,24;0,29
52;Germany (until 1990 former territory of the FRG);1.1.3;11678,46;26345,91;0,44
53;Greece;1.1.3;2126,07;7765,96;0,27
54;Hungary;1.1.3;454349,81;1767564,14;0,26
55;Italy;1.1.3;11939,10;40673,96;0,29
56;Japan;1.1.3;1971991,09;8345446,51;0,24
57;Latvia;1.1.3;733,61;1237,29;0,59
58;Lithuania;1.1.3;869,18;1547,88;0,56
59;Luxembourg;1.1.3;166,99;161,08;1,04
60;Malta;1.1.3;19,25;111,13;0,17
61;Netherlands;1.1.3;5875,25;15087,87;0,39
62;Poland;1.1.3;19434,97;58588,33;0,33
63;Portugal;1.1.3;1362,94;4934,74;0,28
64;Slovakia;1.1.3;751,32;2515,43;0,30
65;Slovenia;1.1.3;499,78;1215,08;0,41
66;Spain;1.1.3;7858,66;39267,92;0,20
67;Sweden;1.1.3;32503,41;79416,83;0,41
68;United Kingdom;1.1.3;6123,25;14389,93;0,43
69;United States;1.1.3;67419,51;211627,05;0,32
70;AT, BE, CZ, DE, DK, EE, ES, FI, FR, HU, IT, LT, LU, LV, NL, RO, SE, SI, SK and UK – Growth Accounts available from 2009;1.5.1;75075,40;237439,19;0,32
71;AT, BE, CZ, DE, DK, ES, FI, FR, IT, NL, SE and UK – Growth Accounts available from 2000;1.5.1;70629,73;214758,12;0,33
72;Austria;1.5.1;2728,00;5162,54;0,53
73;Belgium;1.5.1;1660,66;3073,67;0,54
74;Bulgaria;1.5.1;1628,77;4367,64;0,37
75;Cyprus;1.5.1;34,72;432,47;0,08
76;Czechia;1.5.1;50070,11;123723,88;0,40
77;Denmark;1.5.1;11056,16;27604,81;0,40
78;EU12 without UK;1.5.1;63708,54;198492,98;0,32
79;EU20 without UK;1.5.1;68154,20;221174,05;0,31
80;Estonia;1.5.1;404,24;582,56;0,69
81;Euro area - 19 countries  (from 2015);1.5.1;63572,67;204944,38;0,31
82;European Union - 15 countries (1995-2004);1.5.1;72333,45;226228,23;0,32
83;European Union - 27 countries (from 2020);1.5.1;77494,81;256253,54;0,30
84;European Union - 28 countries (2013-2020);1.5.1;84416,00;272518,68;0,31
85;Finland;1.5.1;1870,63;6580,28;0,28
86;France;1.5.1;13493,59;46031,24;0,29
87;Germany (until 1990 former territory of the FRG);1.5.1;11678,46;26345,91;0,44
88;Greece;1.5.1;2126,07;7765,96;0,27
89;Hungary;1.5.1;454349,81;1767564,14;0,26
90;Italy;1.5.1;11939,10;40673,96;0,29
91;Japan;1.5.1;1971991,09;8345446,51;0,24
92;Latvia;1.5.1;733,61;1237,29;0,59
93;Lithuania;1.5.1;869,18;1547,88;0,56
94;Luxembourg;1.5.1;166,99;161,08;1,04
95;Malta;1.5.1;19,25;111,13;0,17
96;Netherlands;1.5.1;5875,25;15087,87;0,39
97;Poland;1.5.1;19434,97;58588,33;0,33
98;Portugal;1.5.1;1362,94;4934,74;0,28
99;Slovakia;1.5.1;751,32;2515,43;0,30
100;Slovenia;1.5.1;499,78;1215,08;0,41
101;Spain;1.5.1;7858,66;39267,92;0,20
102;Sweden;1.5.1;32503,41;79416,83;0,41
103;United Kingdom;1.5.1;6123,25;14389,93;0,43
104;United States;1.5.1;67419,51;211627,05;0,32
105;AT, BE, CZ, DE, DK, EE, ES, FI, FR, HU, IT, LT, LU, LV, NL, RO, SE, SI, SK and UK – Growth Accounts available from 2009;1.10.1;75075,40;237439,19;0,32
106;AT, BE, CZ, DE, DK, ES, FI, FR, IT, NL, SE and UK – Growth Accounts available from 2000;1.10.1;70629,73;214758,12;0,33
107;Austria;1.10.1;2728,00;5162,54;0,53
108;Belgium;1.10.1;1660,66;3073,67;0,54
109;Bulgaria;1.10.1;1628,77;4367,64;0,37
110;Cyprus;1.10.1;34,72;432,47;0,08
111;Czechia;1.10.1;50070,11;123723,88;0,40
112;Denmark;1.10.1;11056,16;27604,81;0,40
113;EU12 without UK;1.10.1;63708,54;198492,98;0,32
114;EU20 without UK;1.10.1;68154,20;221174,05;0,31
115;Estonia;1.10.1;404,24;582,56;0,69
116;Euro area - 19 countries  (from 2015);1.10.1;63572,67;204944,38;0,31
117;European Union - 15 countries (1995-2004);1.10.1;72333,45;226228,23;0,32
118;European Union - 27 countries (from 2020);1.10.1;77494,81;256253,54;0,30
119;European Union - 28 countries (2013-2020);1.10.1;84416,00;272518,68;0,31
120;Finland;1.10.1;1870,63;6580,28;0,28
121;France;1.10.1;13493,59;46031,24;0,29
122;Germany (until 1990 former territory of the FRG);1.10.1;11678,46;26345,91;0,44
123;Greece;1.10.1;2126,07;7765,96;0,27
124;Hungary;1.10.1;454349,81;1767564,14;0,26
125;Italy;1.10.1;11939,10;40673,96;0,29
126;Japan;1.10.1;1971991,09;8345446,51;0,24
127;Latvia;1.10.1;733,61;1237,29;0,59
128;Lithuania;1.10.1;869,18;1547,88;0,56
129;Luxembourg;1.10.1;166,99;161,08;1,04
130;Malta;1.10.1;19,25;111,13;0,17
131;Netherlands;1.10.1;5875,25;15087,87;0,39
132;Poland;1.10.1;19434,97;58588,33;0,33
133;Portugal;1.10.1;1362,94;4934,74;0,28
134;Slovakia;1.10.1;751,32;2515,43;0,30
135;Slovenia;1.10.1;499,78;1215,08;0,41
136;Spain;1.10.1;7858,66;39267,92;0,20
137;Sweden;1.10.1;32503,41;79416,83;0,41
138;United Kingdom;1.10.1;6123,25;14389,93;0,43
139;United States;1.10.1;67419,51;211627,05;0,32
140;AT, BE, CZ, DE, DK, EE, ES, FI, FR, HU, IT, LT, LU, LV, NL, RO, SE, SI, SK and UK – Growth Accounts available from 2009;1.2.2;75075,40;237439,19;0,32
141;AT, BE, CZ, DE, DK, ES, FI, FR, IT, NL, SE and UK – Growth Accounts available from 2000;1.2.2;70629,73;214758,12;0,33
142;Austria;1.2.2;2728,00;5162,54;0,53
143;Belgium;1.2.2;1660,66;3073,67;0,54
144;Bulgaria;1.2.2;1628,77;4367,64;0,37
145;Cyprus;1.2.2;34,72;432,47;0,08
146;Czechia;1.2.2;50070,11;123723,88;0,40
147;Denmark;1.2.2;11056,16;27604,81;0,40
148;EU12 without UK;1.2.2;63708,54;198492,98;0,32
149;EU20 without UK;1.2.2;68154,20;221174,05;0,31
150;Estonia;1.2.2;404,24;582,56;0,69
151;Euro area - 19 countries  (from 2015);1.2.2;63572,67;204944,38;0,31
152;European Union - 15 countries (1995-2004);1.2.2;72333,45;226228,23;0,32
153;European Union - 27 countries (from 2020);1.2.2;77494,81;256253,54;0,30
154;European Union - 28 countries (2013-2020);1.2.2;84416,00;272518,68;0,31
155;Finland;1.2.2;1870,63;6580,28;0,28
156;France;1.2.2;13493,59;46031,24;0,29
157;Germany (until 1990 former territory of the FRG);1.2.2;11678,46;26345,91;0,44
158;Greece;1.2.2;2126,07;7765,96;0,27
159;Hungary;1.2.2;454349,81;1767564,14;0,26
160;Italy;1.2.2;11939,10;40673,96;0,29
161;Japan;1.2.2;1971991,09;8345446,51;0,24
162;Latvia;1.2.2;733,61;1237,29;0,59
163;Lithuania;1.2.2;869,18;1547,88;0,56
164;Luxembourg;1.2.2;166,99;161,08;1,04
165;Malta;1.2.2;19,25;111,13;0,17
166;Netherlands;1.2.2;5875,25;15087,87;0,39
167;Poland;1.2.2;19434,97;58588,33;0,33
168;Portugal;1.2.2;1362,94;4934,74;0,28
169;Slovakia;1.2.2;751,32;2515,43;0,30
170;Slovenia;1.2.2;499,78;1215,08;0,41
171;Spain;1.2.2;7858,66;39267,92;0,20
172;Sweden;1.2.2;32503,41;79416,83;0,41
173;United Kingdom;1.2.2;6123,25;14389,93;0,43
174;United States;1.2.2;67419,51;211627,05;0,32
175;AT, BE, CZ, DE, DK, EE, ES, FI, FR, HU, IT, LT, LU, LV, NL, RO, SE, SI, SK and UK – Growth Accounts available from 2009;1.2.3;75075,40;237439,19;0,32
176;AT, BE, CZ, DE, DK, ES, FI, FR, IT, NL, SE and UK – Growth Accounts available from 2000;1.2.3;70629,73;214758,12;0,33
177;Austria;1.2.3;2728,00;5162,54;0,53
178;Belgium;1.2.3;1660,66;3073,67;0,54
179;Bulgaria;1.2.3;1628,77;4367,64;0,37
180;Cyprus;1.2.3;34,72;432,47;0,08
181;Czechia;1.2.3;50070,11;123723,88;0,40
182;Denmark;1.2.3;11056,16;27604,81;0,40
183;EU12 without UK;1.2.3;63708,54;198492,98;0,32
184;EU20 without UK;1.2.3;68154,20;221174,05;0,31
185;Estonia;1.2.3;404,24;582,56;0,69
186;Euro area - 19 countries  (from 2015);1.2.3;63572,67;204944,38;0,31
187;European Union - 15 countries (1995-2004);1.2.3;72333,45;226228,23;0,32
188;European Union - 27 countries (from 2020);1.2.3;77494,81;256253,54;0,30
189;European Union - 28 countries (2013-2020);1.2.3;84416,00;272518,68;0,31
190;Finland;1.2.3;1870,63;6580,28;0,28
191;France;1.2.3;13493,59;46031,24;0,29
192;Germany (until 1990 former territory of the FRG);1.2.3;11678,46;26345,91;0,44
193;Greece;1.2.3;2126,07;7765,96;0,27
194;Hungary;1.2.3;454349,81;1767564,14;0,26
195;Italy;1.2.3;11939,10;40673,96;0,29
196;Japan;1.2.3;1971991,09;8345446,51;0,24
197;Latvia;1.2.3;733,61;1237,29;0,59
198;Lithuania;1.2.3;869,18;1547,88;0,56
199;Luxembourg;1.2.3;166,99;161,08;1,04
200;Malta;1.2.3;19,25;111,13;0,17
201;Netherlands;1.2.3;5875,25;15087,87;0,39
202;Poland;1.2.3;19434,97;58588,33;0,33
203;Portugal;1.2.3;1362,94;4934,74;0,28
204;Slovakia;1.2.3;751,32;2515,43;0,30
205;Slovenia;1.2.3;499,78;1215,08;0,41
206;Spain;1.2.3;7858,66;39267,92;0,20
207;Sweden;1.2.3;32503,41;79416,83;0,41
208;United Kingdom;1.2.3;6123,25;14389,93;0,43
209;United States;1.2.3;67419,51;211627,05;0,32
210;AT, BE, CZ, DE, DK, EE, ES, FI, FR, HU, IT, LT, LU, LV, NL, RO, SE, SI, SK and UK – Growth Accounts available from 2009;1.7.2;75075,40;237439,19;0,32
211;AT, BE, CZ, DE, DK, ES, FI, FR, IT, NL, SE and UK – Growth Accounts available from 2000;1.7.2;70629,73;214758,12;0,33
212;Austria;1.7.2;2728,00;5162,54;0,53
213;Belgium;1.7.2;1660,66;3073,67;0,54
214;Bulgaria;1.7.2;1628,77;4367,64;0,37
215;Cyprus;1.7.2;34,72;432,47;0,08
216;Czechia;1.7.2;50070,11;123723,88;0,40
217;Denmark;1.7.2;11056,16;27604,81;0,40
218;EU12 without UK;1.7.2;63708,54;198492,98;0,32
219;EU20 without UK;1.7.2;68154,20;221174,05;0,31
220;Estonia;1.7.2;404,24;582,56;0,69
221;Euro area - 19 countries  (from 2015);1.7.2;63572,67;204944,38;0,31
222;European Union - 15 countries (1995-2004);1.7.2;72333,45;226228,23;0,32
223;European Union - 27 countries (from 2020);1.7.2;77494,81;256253,54;0,30
224;European Union - 28 countries (2013-2020);1.7.2;84416,00;272518,68;0,31
225;Finland;1.7.2;1870,63;6580,28;0,28
226;France;1.7.2;13493,59;46031,24;0,29
227;Germany (until 1990 former territory of the FRG);1.7.2;11678,46;26345,91;0,44
228;Greece;1.7.2;2126,07;7765,96;0,27
229;Hungary;1.7.2;454349,81;1767564,14;0,26
230;Italy;1.7.2;11939,10;40673,96;0,29
231;Japan;1.7.2;1971991,09;8345446,51;0,24
232;Latvia;1.7.2;733,61;1237,29;0,59
233;Lithuania;1.7.2;869,18;1547,88;0,56
234;Luxembourg;1.7.2;166,99;161,08;1,04
235;Malta;1.7.2;19,25;111,13;0,17
236;Netherlands;1.7.2;5875,25;15087,87;0,39
237;Poland;1.7.2;19434,97;58588,33;0,33
238;Portugal;1.7.2;1362,94;4934,74;0,28
239;Slovakia;1.7.2;751,32;2515,43;0,30
240;Slovenia;1.7.2;499,78;1215,08;0,41
241;Spain;1.7.2;7858,66;39267,92;0,20
242;Sweden;1.7.2;32503,41;79416,83;0,41
243;United Kingdom;1.7.2;6123,25;14389,93;0,43
244;United States;1.7.2;67419,51;211627,05;0,32
245;AT, BE, CZ, DE, DK, EE, ES, FI, FR, HU, IT, LT, LU, LV, NL, RO, SE, SI, SK and UK – Growth Accounts available from 2009;1.6.1;75075,40;237439,19;0,32
246;AT, BE, CZ, DE, DK, ES, FI, FR, IT, NL, SE and UK – Growth Accounts available from 2000;1.6.1;70629,73;214758,12;0,33
247;Austria;1.6.1;2728,00;5162,54;0,53
248;Belgium;1.6.1;1660,66;3073,67;0,54
249;Bulgaria;1.6.1;1628,77;4367,64;0,37
250;Cyprus;1.6.1;34,72;432,47;0,08
251;Czechia;1.6.1;50070,11;123723,88;0,40
252;Denmark;1.6.1;11056,16;27604,81;0,40
253;EU12 without UK;1.6.1;63708,54;198492,98;0,32
254;EU20 without UK;1.6.1;68154,20;221174,05;0,31
255;Estonia;1.6.1;404,24;582,56;0,69
256;Euro area - 19 countries  (from 2015);1.6.1;63572,67;204944,38;0,31
257;European Union - 15 countries (1995-2004);1.6.1;72333,45;226228,23;0,32
258;European Union - 27 countries (from 2020);1.6.1;77494,81;256253,54;0,30
259;European Union - 28 countries (2013-2020);1.6.1;84416,00;272518,68;0,31
260;Finland;1.6.1;1870,63;6580,28;0,28
261;France;1.6.1;13493,59;46031,24;0,29
262;Germany (until 1990 former territory of the FRG);1.6.1;11678,46;26345,91;0,44
263;Greece;1.6.1;2126,07;7765,96;0,27
264;Hungary;1.6.1;454349,81;1767564,14;0,26
265;Italy;1.6.1;11939,10;40673,96;0,29
266;Japan;1.6.1;1971991,09;8345446,51;0,24
267;Latvia;1.6.1;733,61;1237,29;0,59
268;Lithuania;1.6.1;869,18;1547,88;0,56
269;Luxembourg;1.6.1;166,99;161,08;1,04
270;Malta;1.6.1;19,25;111,13;0,17
271;Netherlands;1.6.1;5875,25;15087,87;0,39
272;Poland;1.6.1;19434,97;58588,33;0,33
273;Portugal;1.6.1;1362,94;4934,74;0,28
274;Slovakia;1.6.1;751,32;2515,43;0,30
275;Slovenia;1.6.1;499,78;1215,08;0,41
276;Spain;1.6.1;7858,66;39267,92;0,20
277;Sweden;1.6.1;32503,41;79416,83;0,41
278;United Kingdom;1.6.1;6123,25;14389,93;0,43
279;United States;1.6.1;67419,51;211627,05;0,32
280;AT, BE, CZ, DE, DK, EE, ES, FI, FR, HU, IT, LT, LU, LV, NL, RO, SE, SI, SK and UK – Growth Accounts available from 2009;1.3.1;75075,40;237439,19;0,32
281;AT, BE, CZ, DE, DK, ES, FI, FR, IT, NL, SE and UK – Growth Accounts available from 2000;1.3.1;70629,73;214758,12;0,33
282;Austria;1.3.1;2728,00;5162,54;0,53
283;Belgium;1.3.1;1660,66;3073,67;0,54
284;Bulgaria;1.3.1;1628,77;4367,64;0,37
285;Cyprus;1.3.1;34,72;432,47;0,08
286;Czechia;1.3.1;50070,11;123723,88;0,40
287;Denmark;1.3.1;11056,16;27604,81;0,40
288;EU12 without UK;1.3.1;63708,54;198492,98;0,32
289;EU20 without UK;1.3.1;68154,20;221174,05;0,31
290;Estonia;1.3.1;404,24;582,56;0,69
291;Euro area - 19 countries  (from 2015);1.3.1;63572,67;204944,38;0,31
292;European Union - 15 countries (1995-2004);1.3.1;72333,45;226228,23;0,32
293;European Union - 27 countries (from 2020);1.3.1;77494,81;256253,54;0,30
294;European Union - 28 countries (2013-2020);1.3.1;84416,00;272518,68;0,31
295;Finland;1.3.1;1870,63;6580,28;0,28
296;France;1.3.1;13493,59;46031,24;0,29
297;Germany (until 1990 former territory of the FRG);1.3.1;11678,46;26345,91;0,44
298;Greece;1.3.1;2126,07;7765,96;0,27
299;Hungary;1.3.1;454349,81;1767564,14;0,26
300;Italy;1.3.1;11939,10;40673,96;0,29
301;Japan;1.3.1;1971991,09;8345446,51;0,24
302;Latvia;1.3.1;733,61;1237,29;0,59
303;Lithuania;1.3.1;869,18;1547,88;0,56
304;Luxembourg;1.3.1;166,99;161,08;1,04
305;Malta;1.3.1;19,25;111,13;0,17
306;Netherlands;1.3.1;5875,25;15087,87;0,39
307;Poland;1.3.1;19434,97;58588,33;0,33
308;Portugal;1.3.1;1362,94;4934,74;0,28
309;Slovakia;1.3.1;751,32;2515,43;0,30
310;Slovenia;1.3.1;499,78;1215,08;0,41
311;Spain;1.3.1;7858,66;39267,92;0,20
312;Sweden;1.3.1;32503,41;79416,83;0,41
313;United Kingdom;1.3.1;6123,25;14389,93;0,43
314;United States;1.3.1;67419,51;211627,05;0,32
315;AT, BE, CZ, DE, DK, EE, ES, FI, FR, HU, IT, LT, LU, LV, NL, RO, SE, SI, SK and UK – Growth Accounts available from 2009;1.10.2;75075,40;237439,19;0,32
316;AT, BE, CZ, DE, DK, ES, FI, FR, IT, NL, SE and UK – Growth Accounts available from 2000;1.10.2;70629,73;214758,12;0,33
317;Austria;1.10.2;2728,00;5162,54;0,53
318;Belgium;1.10.2;1660,66;3073,67;0,54
319;Bulgaria;1.10.2;1628,77;4367,64;0,37
320;Cyprus;1.10.2;34,72;432,47;0,08
321;Czechia;1.10.2;50070,11;123723,88;0,40
322;Denmark;1.10.2;11056,16;27604,81;0,40
323;EU12 without UK;1.10.2;63708,54;198492,98;0,32
324;EU20 without UK;1.10.2;68154,20;221174,05;0,31
325;Estonia;1.10.2;404,24;582,56;0,69
326;Euro area - 19 countries  (from 2015);1.10.2;63572,67;204944,38;0,31
327;European Union - 15 countries (1995-2004);1.10.2;72333,45;226228,23;0,32
328;European Union - 27 countries (from 2020);1.10.2;77494,81;256253,54;0,30
329;European Union - 28 countries (2013-2020);1.10.2;84416,00;272518,68;0,31
330;Finland;1.10.2;1870,63;6580,28;0,28
331;France;1.10.2;13493,59;46031,24;0,29
332;Germany (until 1990 former territory of the FRG);1.10.2;11678,46;26345,91;0,44
333;Greece;1.10.2;2126,07;7765,96;0,27
334;Hungary;1.10.2;454349,81;1767564,14;0,26
335;Italy;1.10.2;11939,10;40673,96;0,29
336;Japan;1.10.2;1971991,09;8345446,51;0,24
337;Latvia;1.10.2;733,61;1237,29;0,59
338;Lithuania;1.10.2;869,18;1547,88;0,56
339;Luxembourg;1.10.2;166,99;161,08;1,04
340;Malta;1.10.2;19,25;111,13;0,17
341;Netherlands;1.10.2;5875,25;15087,87;0,39
342;Poland;1.10.2;19434,97;58588,33;0,33
343;Portugal;1.10.2;1362,94;4934,74;0,28
344;Slovakia;1.10.2;751,32;2515,43;0,30
345;Slovenia;1.10.2;499,78;1215,08;0,41
346;Spain;1.10.2;7858,66;39267,92;0,20
347;Sweden;1.10.2;32503,41;79416,83;0,41
348;United Kingdom;1.10.2;6123,25;14389,93;0,43
349;United States;1.10.2;67419,51;211627,05;0,32
350;AT, BE, CZ, DE, DK, EE, ES, FI, FR, HU, IT, LT, LU, LV, NL, RO, SE, SI, SK and UK – Growth Accounts available from 2009;1.1.2;75075,40;237439,19;0,32
351;AT, BE, CZ, DE, DK, ES, FI, FR, IT, NL, SE and UK – Growth Accounts available from 2000;1.1.2;70629,73;214758,12;0,33
352;Austria;1.1.2;2728,00;5162,54;0,53
353;Belgium;1.1.2;1660,66;3073,67;0,54
354;Bulgaria;1.1.2;1628,77;4367,64;0,37
355;Cyprus;1.1.2;34,72;432,47;0,08
356;Czechia;1.1.2;50070,11;123723,88;0,40
357;Denmark;1.1.2;11056,16;27604,81;0,40
358;EU12 without UK;1.1.2;63708,54;198492,98;0,32
359;EU20 without UK;1.1.2;68154,20;221174,05;0,31
360;Estonia;1.1.2;404,24;582,56;0,69
361;Euro area - 19 countries  (from 2015);1.1.2;63572,67;204944,38;0,31
362;European Union - 15 countries (1995-2004);1.1.2;72333,45;226228,23;0,32
363;European Union - 27 countries (from 2020);1.1.2;77494,81;256253,54;0,30
364;European Union - 28 countries (2013-2020);1.1.2;84416,00;272518,68;0,31
365;Finland;1.1.2;1870,63;6580,28;0,28
366;France;1.1.2;13493,59;46031,24;0,29
367;Germany (until 1990 former territory of the FRG);1.1.2;11678,46;26345,91;0,44
368;Greece;1.1.2;2126,07;7765,96;0,27
369;Hungary;1.1.2;454349,81;1767564,14;0,26
370;Italy;1.1.2;11939,10;40673,96;0,29
371;Japan;1.1.2;1971991,09;8345446,51;0,24
372;Latvia;1.1.2;733,61;1237,29;0,59
373;Lithuania;1.1.2;869,18;1547,88;0,56
374;Luxembourg;1.1.2;166,99;161,08;1,04
375;Malta;1.1.2;19,25;111,13;0,17
376;Netherlands;1.1.2;5875,25;15087,87;0,39
377;Poland;1.1.2;19434,97;58588,33;0,33
378;Portugal;1.1.2;1362,94;4934,74;0,28
379;Slovakia;1.1.2;751,32;2515,43;0,30
380;Slovenia;1.1.2;499,78;1215,08;0,41
381;Spain;1.1.2;7858,66;39267,92;0,20
382;Sweden;1.1.2;32503,41;79416,83;0,41
383;United Kingdom;1.1.2;6123,25;14389,93;0,43
384;United States;1.1.2;67419,51;211627,05;0,32
385;AT, BE, CZ, DE, DK, EE, ES, FI, FR, HU, IT, LT, LU, LV, NL, RO, SE, SI, SK and UK – Growth Accounts available from 2009;1.1.1;75075,40;237439,19;0,32
386;AT, BE, CZ, DE, DK, ES, FI, FR, IT, NL, SE and UK – Growth Accounts available from 2000;1.1.1;70629,73;214758,12;0,33
387;Austria;1.1.1;2728,00;5162,54;0,53
388;Belgium;1.1.1;1660,66;3073,67;0,54
389;Bulgaria;1.1.1;1628,77;4367,64;0,37
390;Cyprus;1.1.1;34,72;432,47;0,08
391;Czechia;1.1.1;50070,11;123723,88;0,40
392;Denmark;1.1.1;11056,16;27604,81;0,40
393;EU12 without UK;1.1.1;63708,54;198492,98;0,32
394;EU20 without UK;1.1.1;68154,20;221174,05;0,31
395;Estonia;1.1.1;404,24;582,56;0,69
396;Euro area - 19 countries  (from 2015);1.1.1;63572,67;204944,38;0,31
397;European Union - 15 countries (1995-2004);1.1.1;72333,45;226228,23;0,32
398;European Union - 27 countries (from 2020);1.1.1;77494,81;256253,54;0,30
399;European Union - 28 countries (2013-2020);1.1.1;84416,00;272518,68;0,31
400;Finland;1.1.1;1870,63;6580,28;0,28
401;France;1.1.1;13493,59;46031,24;0,29
402;Germany (until 1990 former territory of the FRG);1.1.1;11678,46;26345,91;0,44
403;Greece;1.1.1;2126,07;7765,96;0,27
404;Hungary;1.1.1;454349,81;1767564,14;0,26
405;Italy;1.1.1;11939,10;40673,96;0,29
406;Japan;1.1.1;1971991,09;8345446,51;0,24
407;Latvia;1.1.1;733,61;1237,29;0,59
408;Lithuania;1.1.1;869,18;1547,88;0,56
409;Luxembourg;1.1.1;166,99;161,08;1,04
410;Malta;1.1.1;19,25;111,13;0,17
411;Netherlands;1.1.1;5875,25;15087,87;0,39
412;Poland;1.1.1;19434,97;58588,33;0,33
413;Portugal;1.1.1;1362,94;4934,74;0,28
414;Slovakia;1.1.1;751,32;2515,43;0,30
415;Slovenia;1.1.1;499,78;1215,08;0,41
416;Spain;1.1.1;7858,66;39267,92;0,20
417;Sweden;1.1.1;32503,41;79416,83;0,41
418;United Kingdom;1.1.1;6123,25;14389,93;0,43
419;United States;1.1.1;67419,51;211627,05;0,32
420;AT, BE, CZ, DE, DK, EE, ES, FI, FR, HU, IT, LT, LU, LV, NL, RO, SE, SI, SK and UK – Growth Accounts available from 2009;1.7.1;75075,40;237439,19;0,32
421;AT, BE, CZ, DE, DK, ES, FI, FR, IT, NL, SE and UK – Growth Accounts available from 2000;1.7.1;70629,73;214758,12;0,33
422;Austria;1.7.1;2728,00;5162,54;0,53
423;Belgium;1.7.1;1660,66;3073,67;0,54
424;Bulgaria;1.7.1;1628,77;4367,64;0,37
425;Cyprus;1.7.1;34,72;432,47;0,08
426;Czechia;1.7.1;50070,11;123723,88;0,40
427;Denmark;1.7.1;11056,16;27604,81;0,40
428;EU12 without UK;1.7.1;63708,54;198492,98;0,32
429;EU20 without UK;1.7.1;68154,20;221174,05;0,31
430;Estonia;1.7.1;404,24;582,56;0,69
431;Euro area - 19 countries  (from 2015);1.7.1;63572,67;204944,38;0,31
432;European Union - 15 countries (1995-2004);1.7.1;72333,45;226228,23;0,32
433;European Union - 27 countries (from 2020);1.7.1;77494,81;256253,54;0,30
434;European Union - 28 countries (2013-2020);1.7.1;84416,00;272518,68;0,31
435;Finland;1.7.1;1870,63;6580,28;0,28
436;France;1.7.1;13493,59;46031,24;0,29
437;Germany (until 1990 former territory of the FRG);1.7.1;11678,46;26345,91;0,44
438;Greece;1.7.1;2126,07;7765,96;0,27
439;Hungary;1.7.1;454349,81;1767564,14;0,26
440;Italy;1.7.1;11939,10;40673,96;0,29
441;Japan;1.7.1;1971991,09;8345446,51;0,24
442;Latvia;1.7.1;733,61;1237,29;0,59
443;Lithuania;1.7.1;869,18;1547,88;0,56
444;Luxembourg;1.7.1;166,99;161,08;1,04
445;Malta;1.7.1;19,25;111,13;0,17
446;Netherlands;1.7.1;5875,25;15087,87;0,39
447;Poland;1.7.1;19434,97;58588,33;0,33
448;Portugal;1.7.1;1362,94;4934,74;0,28
449;Slovakia;1.7.1;751,32;2515,43;0,30
450;Slovenia;1.7.1;499,78;1215,08;0,41
451;Spain;1.7.1;7858,66;39267,92;0,20
452;Sweden;1.7.1;32503,41;79416,83;0,41
453;United Kingdom;1.7.1;6123,25;14389,93;0,43
454;United States;1.7.1;67419,51;211627,05;0,32
455;AT, BE, CZ, DE, DK, EE, ES, FI, FR, HU, IT, LT, LU, LV, NL, RO, SE, SI, SK and UK – Growth Accounts available from 2009;1.11.2;75075,40;237439,19;0,32
456;AT, BE, CZ, DE, DK, ES, FI, FR, IT, NL, SE and UK – Growth Accounts available from 2000;1.11.2;70629,73;214758,12;0,33
457;Austria;1.11.2;2728,00;5162,54;0,53
458;Belgium;1.11.2;1660,66;3073,67;0,54
459;Bulgaria;1.11.2;1628,77;4367,64;0,37
460;Cyprus;1.11.2;34,72;432,47;0,08
461;Czechia;1.11.2;50070,11;123723,88;0,40
462;Denmark;1.11.2;11056,16;27604,81;0,40
463;EU12 without UK;1.11.2;63708,54;198492,98;0,32
464;EU20 without UK;1.11.2;68154,20;221174,05;0,31
465;Estonia;1.11.2;404,24;582,56;0,69
466;Euro area - 19 countries  (from 2015);1.11.2;63572,67;204944,38;0,31
467;European Union - 15 countries (1995-2004);1.11.2;72333,45;226228,23;0,32
468;European Union - 27 countries (from 2020);1.11.2;77494,81;256253,54;0,30
469;European Union - 28 countries (2013-2020);1.11.2;84416,00;272518,68;0,31
470;Finland;1.11.2;1870,63;6580,28;0,28
471;France;1.11.2;13493,59;46031,24;0,29
472;Germany (until 1990 former territory of the FRG);1.11.2;11678,46;26345,91;0,44
473;Greece;1.11.2;2126,07;7765,96;0,27
474;Hungary;1.11.2;454349,81;1767564,14;0,26
475;Italy;1.11.2;11939,10;40673,96;0,29
476;Japan;1.11.2;1971991,09;8345446,51;0,24
477;Latvia;1.11.2;733,61;1237,29;0,59
478;Lithuania;1.11.2;869,18;1547,88;0,56
479;Luxembourg;1.11.2;166,99;161,08;1,04
480;Malta;1.11.2;19,25;111,13;0,17
481;Netherlands;1.11.2;5875,25;15087,87;0,39
482;Poland;1.11.2;19434,97;58588,33;0,33
483;Portugal;1.11.2;1362,94;4934,74;0,28
484;Slovakia;1.11.2;751,32;2515,43;0,30
485;Slovenia;1.11.2;499,78;1215,08;0,41
486;Spain;1.11.2;7858,66;39267,92;0,20
487;Sweden;1.11.2;32503,41;79416,83;0,41
488;United Kingdom;1.11.2;6123,25;14389,93;0,43
489;United States;1.11.2;67419,51;211627,05;0,32
490;AT, BE, CZ, DE, DK, EE, ES, FI, FR, HU, IT, LT, LU, LV, NL, RO, SE, SI, SK and UK – Growth Accounts available from 2009;1.4.1;75075,40;237439,19;0,32
491;AT, BE, CZ, DE, DK, ES, FI, FR, IT, NL, SE and UK – Growth Accounts available from 2000;1.4.1;70629,73;214758,12;0,33
492;Austria;1.4.1;2728,00;5162,54;0,53
493;Belgium;1.4.1;1660,66;3073,67;0,54
494;Bulgaria;1.4.1;1628,77;4367,64;0,37
495;Cyprus;1.4.1;34,72;432,47;0,08
496;Czechia;1.4.1;50070,11;123723,88;0,40
497;Denmark;1.4.1;11056,16;27604,81;0,40
498;EU12 without UK;1.4.1;63708,54;198492,98;0,32
499;EU20 without UK;1.4.1;68154,20;221174,05;0,31
500;Estonia;1.4.1;404,24;582,56;0,69
501;Euro area - 19 countries  (from 2015);1.4.1;63572,67;204944,38;0,31
502;European Union - 15 countries (1995-2004);1.4.1;72333,45;226228,23;0,32
503;European Union - 27 countries (from 2020);1.4.1;77494,81;256253,54;0,30
504;European Union - 28 countries (2013-2020);1.4.1;84416,00;272518,68;0,31
505;Finland;1.4.1;1870,63;6580,28;0,28
506;France;1.4.1;13493,59;46031,24;0,29
507;Germany (until 1990 former territory of the FRG);1.4.1;11678,46;26345,91;0,44
508;Greece;1.4.1;2126,07;7765,96;0,27
509;Hungary;1.4.1;454349,81;1767564,14;0,26
510;Italy;1.4.1;11939,10;40673,96;0,29
511;Japan;1.4.1;1971991,09;8345446,51;0,24
512;Latvia;1.4.1;733,61;1237,29;0,59
513;Lithuania;1.4.1;869,18;1547,88;0,56
514;Luxembourg;1.4.1;166,99;161,08;1,04
515;Malta;1.4.1;19,25;111,13;0,17
516;Netherlands;1.4.1;5875,25;15087,87;0,39
517;Poland;1.4.1;19434,97;58588,33;0,33
518;Portugal;1.4.1;1362,94;4934,74;0,28
519;Slovakia;1.4.1;751,32;2515,43;0,30
520;Slovenia;1.4.1;499,78;1215,08;0,41
521;Spain;1.4.1;7858,66;39267,92;0,20
522;Sweden;1.4.1;32503,41;79416,83;0,41
523;United Kingdom;1.4.1;6123,25;14389,93;0,43
524;United States;1.4.1;67419,51;211627,05;0,32
525;AT, BE, CZ, DE, DK, EE, ES, FI, FR, HU, IT, LT, LU, LV, NL, RO, SE, SI, SK and UK – Growth Accounts available from 2009;1.8.1;75075,40;237439,19;0,32
526;AT, BE, CZ, DE, DK, ES, FI, FR, IT, NL, SE and UK – Growth Accounts available from 2000;1.8.1;70629,73;214758,12;0,33
527;Austria;1.8.1;2728,00;5162,54;0,53
528;Belgium;1.8.1;1660,66;3073,67;0,54
529;Bulgaria;1.8.1;1628,77;4367,64;0,37
530;Cyprus;1.8.1;34,72;432,47;0,08
531;Czechia;1.8.1;50070,11;123723,88;0,40
532;Denmark;1.8.1;11056,16;27604,81;0,40
533;EU12 without UK;1.8.1;63708,54;198492,98;0,32
534;EU20 without UK;1.8.1;68154,20;221174,05;0,31
535;Estonia;1.8.1;404,24;582,56;0,69
536;Euro area - 19 countries  (from 2015);1.8.1;63572,67;204944,38;0,31
537;European Union - 15 countries (1995-2004);1.8.1;72333,45;226228,23;0,32
538;European Union - 27 countries (from 2020);1.8.1;77494,81;256253,54;0,30
539;European Union - 28 countries (2013-2020);1.8.1;84416,00;272518,68;0,31
540;Finland;1.8.1;1870,63;6580,28;0,28
541;France;1.8.1;13493,59;46031,24;0,29
542;Germany (until 1990 former territory of the FRG);1.8.1;11678,46;26345,91;0,44
543;Greece;1.8.1;2126,07;7765,96;0,27
544;Hungary;1.8.1;454349,81;1767564,14;0,26
545;Italy;1.8.1;11939,10;40673,96;0,29
546;Japan;1.8.1;1971991,09;8345446,51;0,24
547;Latvia;1.8.1;733,61;1237,29;0,59
548;Lithuania;1.8.1;869,18;1547,88;0,56
549;Luxembourg;1.8.1;166,99;161,08;1,04
550;Malta;1.8.1;19,25;111,13;0,17
551;Netherlands;1.8.1;5875,25;15087,87;0,39
552;Poland;1.8.1;19434,97;58588,33;0,33
553;Portugal;1.8.1;1362,94;4934,74;0,28
554;Slovakia;1.8.1;751,32;2515,43;0,30
555;Slovenia;1.8.1;499,78;1215,08;0,41
556;Spain;1.8.1;7858,66;39267,92;0,20
557;Sweden;1.8.1;32503,41;79416,83;0,41
558;United Kingdom;1.8.1;6123,25;14389,93;0,43
559;United States;1.8.1;67419,51;211627,05;0,32
560;AT, BE, CZ, DE, DK, EE, ES, FI, FR, HU, IT, LT, LU, LV, NL, RO, SE, SI, SK and UK – Growth Accounts available from 2009;1.9.1;75075,40;237439,19;0,32
561;AT, BE, CZ, DE, DK, ES, FI, FR, IT, NL, SE and UK – Growth Accounts available from 2000;1.9.1;70629,73;214758,12;0,33
562;Austria;1.9.1;2728,00;5162,54;0,53
563;Belgium;1.9.1;1660,66;3073,67;0,54
564;Bulgaria;1.9.1;1628,77;4367,64;0,37
565;Cyprus;1.9.1;34,72;432,47;0,08
566;Czechia;1.9.1;50070,11;123723,88;0,40
567;Denmark;1.9.1;11056,16;27604,81;0,40
568;EU12 without UK;1.9.1;63708,54;198492,98;0,32
569;EU20 without UK;1.9.1;68154,20;221174,05;0,31
570;Estonia;1.9.1;404,24;582,56;0,69
571;Euro area - 19 countries  (from 2015);1.9.1;63572,67;204944,38;0,31
572;European Union - 15 countries (1995-2004);1.9.1;72333,45;226228,23;0,32
573;European Union - 27 countries (from 2020);1.9.1;77494,81;256253,54;0,30
574;European Union - 28 countries (2013-2020);1.9.1;84416,00;272518,68;0,31
575;Finland;1.9.1;1870,63;6580,28;0,28
576;France;1.9.1;13493,59;46031,24;0,29
577;Germany (until 1990 former territory of the FRG);1.9.1;11678,46;26345,91;0,44
578;Greece;1.9.1;2126,07;7765,96;0,27
579;Hungary;1.9.1;454349,81;1767564,14;0,26
580;Italy;1.9.1;11939,10;40673,96;0,29
581;Japan;1.9.1;1971991,09;8345446,51;0,24
582;Latvia;1.9.1;733,61;1237,29;0,59
583;Lithuania;1.9.1;869,18;1547,88;0,56
584;Luxembourg;1.9.1;166,99;161,08;1,04
585;Malta;1.9.1;19,25;111,13;0,17
586;Netherlands;1.9.1;5875,25;15087,87;0,39
587;Poland;1.9.1;19434,97;58588,33;0,33
588;Portugal;1.9.1;1362,94;4934,74;0,28
589;Slovakia;1.9.1;751,32;2515,43;0,30
590;Slovenia;1.9.1;499,78;1215,08;0,41
591;Spain;1.9.1;7858,66;39267,92;0,20
592;Sweden;1.9.1;32503,41;79416,83;0,41
593;United Kingdom;1.9.1;6123,25;14389,93;0,43
594;United States;1.9.1;67419,51;211627,05;0,32
595;AT, BE, CZ, DE, DK, EE, ES, FI, FR, HU, IT, LT, LU, LV, NL, RO, SE, SI, SK and UK – Growth Accounts available from 2009;6.1.1;21493,37;67517,61;0,32
596;AT, BE, CZ, DE, DK, ES, FI, FR, IT, NL, SE and UK – Growth Accounts available from 2000;6.1.1;21101,06;64443,13;0,33
597;Austria;6.1.1;397,51;1360,70;0,29
598;Belgium;6.1.1;62,59;289,33;0,22
599;Bulgaria;6.1.1;514,19;2095,96;0,25
600;Czechia;6.1.1;15099,68;39162,81;0,39
601;Denmark;6.1.1;5218,66;29549,84;0,18
602;EU12 without UK;6.1.1;12093,50;35842,65;0,34
603;EU20 without UK;6.1.1;12485,80;38917,13;0,32
604;Estonia;6.1.1;80,07;293,94;0,27
605;Euro area - 19 countries  (from 2015);6.1.1;10693,31;30498,15;0,35
606;European Union - 15 countries (1995-2004);6.1.1;21176,01;65251,83;0,32
607;European Union - 27 countries (from 2020);6.1.1;15566,92;51790,10;0,30
608;European Union - 28 countries (2013-2020);6.1.1;24574,49;80390,58;0,31
609;Finland;6.1.1;461,75;1170,33;0,39
610;France;6.1.1;1339,20;2300,50;0,58
611;Germany (until 1990 former territory of the FRG);6.1.1;1227,01;5087,55;0,24
612;Greece;6.1.1;292,99;839,42;0,35
613;Hungary;6.1.1;74487,52;121915,84;0,61
614;Italy;6.1.1;3904,71;5487,66;0,71
615;Japan;6.1.1;165687,92;317822,02;0,52
616;Latvia;6.1.1;29,29;154,82;0,19
617;Lithuania;6.1.1;30,47;147,15;0,21
618;Luxembourg;6.1.1;13,11;43,81;0,30
619;Netherlands;6.1.1;1328,57;8461,54;0,16
620;Poland;6.1.1;8896,13;38319,61;0,23
621;Portugal;6.1.1;357,59;712,59;0,50
622;Slovakia;6.1.1;45,11;388,30;0,12
623;Slovenia;6.1.1;40,74;168,99;0,24
624;Spain;6.1.1;1123,32;2994,90;0,38
625;Sweden;6.1.1;9846,80;32810,46;0,30
626;United Kingdom;6.1.1;7969,08;25303,13;0,31
627;United States;6.1.1;196991,48;338933,94;0,58
628;AT, BE, CZ, DE, DK, EE, ES, FI, FR, HU, IT, LT, LU, LV, NL, RO, SE, SI, SK and UK – Growth Accounts available from 2009;3.1.1;44793,60;284938,01;0,16
629;AT, BE, CZ, DE, DK, ES, FI, FR, IT, NL, SE and UK – Growth Accounts available from 2000;3.1.1;43337,54;266091,42;0,16
630;Austria;3.1.1;1614,72;7375,30;0,22
631;Belgium;3.1.1;2601,17;10076,85;0,26
632;Bulgaria;3.1.1;729,24;2857,56;0,26
633;Czechia;3.1.1;27124,16;119648,41;0,23
634;Denmark;3.1.1;9078,04;35640,03;0,25
635;EU12 without UK;3.1.1;38430,63;225953,84;0,17
636;EU20 without UK;3.1.1;39886,69;244800,43;0,16
637;Euro area - 19 countries  (from 2015);3.1.1;37434,73;238117,75;0,16
638;European Union - 15 countries (1995-2004);3.1.1;44083,85;283669,97;0,16
639;European Union - 27 countries (from 2020);3.1.1;42028,15;287334,66;0,15
640;European Union - 28 countries (2013-2020);3.1.1;46935,06;327472,24;0,14
641;Finland;3.1.1;572,76;3238,18;0,18
642;France;3.1.1;7996,24;51169,58;0,16
643;Germany (until 1990 former territory of the FRG);3.1.1;8228,53;55332,44;0,15
644;Greece;3.1.1;673,14;5915,52;0,11
645;Hungary;3.1.1;300730,07;923322,20;0,33
646;Japan;3.1.1;2786107,88;16130571,44;0,17
647;Latvia;3.1.1;118,33;707,39;0,17
648;Luxembourg;3.1.1;35,31;332,91;0,11
649;Netherlands;3.1.1;3418,86;19156,26;0,18
650;Portugal;3.1.1;1095,45;5034,17;0,22
651;Slovakia;3.1.1;359,36;1255,00;0,29
652;Spain;3.1.1;10720,84;29802,57;0,36
653;Sweden;3.1.1;10277,85;56779,11;0,18
654;United Kingdom;3.1.1;4341,19;35510,12;0,12
655;United States;3.1.1;38534,55;273863,35;0,14
656;AT, BE, CZ, DE, DK, EE, ES, FI, FR, HU, IT, LT, LU, LV, NL, RO, SE, SI, SK and UK – Growth Accounts available from 2009;3.2.1;394873,42;2087093,37;0,19
657;AT, BE, CZ, DE, DK, ES, FI, FR, IT, NL, SE and UK – Growth Accounts available from 2000;3.2.1;379743,67;1986038,97;0,19
658;Austria;3.2.1;18571,45;69461,97;0,27
659;Belgium;3.2.1;13839,02;56086,84;0,25
660;Bulgaria;3.2.1;3929,27;14596,72;0,27
661;Czechia;3.2.1;368475,52;1329243,42;0,28
662;Denmark;3.2.1;74142,46;305607,41;0,24
663;EU12 without UK;3.2.1;340871,52;1769685,26;0,19
664;EU20 without UK;3.2.1;356001,28;1870739,66;0,19
665;Euro area - 19 countries  (from 2015);3.2.1;313342,19;1693278,56;0,19
666;European Union - 15 countries (1995-2004);3.2.1;373685,67;1976502,66;0,19
667;European Union - 27 countries (from 2020);3.2.1;366092,41;2012302,07;0,18
668;European Union - 28 countries (2013-2020);3.2.1;404964,55;2228655,77;0,18
669;Finland;3.2.1;7712,81;37124,49;0,21
670;France;3.2.1;67255,36;224586,84;0,30
671;Germany (until 1990 former territory of the FRG);3.2.1;154442,05;740627,35;0,21
672;Greece;3.2.1;1469,46;10770,07;0,14
673;Hungary;3.2.1;3045166,78;8611827,33;0,35
674;Japan;3.2.1;39683378,15;117058413,49;0,34
675;Latvia;3.2.1;430,34;2927,35;0,15
676;Luxembourg;3.2.1;227,10;1334,12;0,17
677;Netherlands;3.2.1;17579,69;81911,00;0,21
678;Portugal;3.2.1;6612,64;24679,00;0,27
679;Slovakia;3.2.1;4923,05;18784,73;0,26
680;Spain;3.2.1;20279,23;128526,82;0,16
681;Sweden;3.2.1;173129,11;609639,42;0,28
682;United Kingdom;3.2.1;34390,58;191410,29;0,18
683;United States;3.2.1;578150,45;2353642,34;0,25
684;AT, BE, CZ, DE, DK, EE, ES, FI, FR, HU, IT, LT, LU, LV, NL, RO, SE, SI, SK and UK – Growth Accounts available from 2009;7.1.3;111556,73;270798,17;0,41
685;AT, BE, CZ, DE, DK, ES, FI, FR, IT, NL, SE and UK – Growth Accounts available from 2000;7.1.3;107590,93;257654,08;0,42
686;Austria;7.1.3;3138,74;7094,70;0,44
687;Belgium;7.1.3;4098,03;6136,95;0,67
688;Bulgaria;7.1.3;797,03;3607,70;0,22
689;Czechia;7.1.3;47435,40;160066,57;0,30
690;Denmark;7.1.3;20991,50;31426,38;0,67
691;EU12 without UK;7.1.3;94046,22;221494,35;0,42
692;EU20 without UK;7.1.3;98012,02;234638,43;0,42
693;Estonia;7.1.3;464,12;875,56;0,53
694;Euro area - 19 countries  (from 2015);7.1.3;88928,71;220383,59;0,40
695;European Union - 15 countries (1995-2004);7.1.3;108409,16;266618,67;0,41
696;European Union - 27 countries (from 2020);7.1.3;107286,87;267891,03;0,40
697;European Union - 28 countries (2013-2020);7.1.3;120831,60;304050,77;0,40
698;Finland;7.1.3;2785,87;4899,78;0,57
699;France;7.1.3;22349,56;41254,28;0,54
700;Germany (until 1990 former territory of the FRG);7.1.3;18124,11;69420,05;0,26
701;Greece;7.1.3;735,62;5530,29;0,13
702;Hungary;7.1.3;371183,45;688409,09;0,54
703;Italy;7.1.3;11447,11;30460,83;0,38
704;Japan;7.1.3;6337421,14;8764928,64;0,72
705;Latvia;7.1.3;314,02;479,59;0,65
706;Lithuania;7.1.3;590,48;829,27;0,71
707;Luxembourg;7.1.3;398,10;517,49;0,77
708;Netherlands;7.1.3;7026,68;9555,10;0,74
709;Poland;7.1.3;26138,07;60836,87;0,43
710;Portugal;7.1.3;1534,06;5534,90;0,28
711;Slovakia;7.1.3;1056,48;2167,52;0,49
712;Slovenia;7.1.3;442,74;1045,26;0,42
713;Spain;7.1.3;14865,74;31768,86;0,47
714;Sweden;7.1.3;56875,95;107159,81;0,53
715;United Kingdom;7.1.3;11983,15;31990,88;0,37
716;AT, BE, CZ, DE, DK, EE, ES, FI, FR, HU, IT, LT, LU, LV, NL, RO, SE, SI, SK and UK – Growth Accounts available from 2009;7.1.1;111556,73;270798,17;0,41
717;AT, BE, CZ, DE, DK, ES, FI, FR, IT, NL, SE and UK – Growth Accounts available from 2000;7.1.1;107590,93;257654,08;0,42
718;Austria;7.1.1;3138,74;7094,70;0,44
719;Belgium;7.1.1;4098,03;6136,95;0,67
720;Bulgaria;7.1.1;797,03;3607,70;0,22
721;Czechia;7.1.1;47435,40;160066,57;0,30
722;Denmark;7.1.1;20991,50;31426,38;0,67
723;EU12 without UK;7.1.1;94046,22;221494,35;0,42
724;EU20 without UK;7.1.1;98012,02;234638,43;0,42
725;Estonia;7.1.1;464,12;875,56;0,53
726;Euro area - 19 countries  (from 2015);7.1.1;88928,71;220383,59;0,40
727;European Union - 15 countries (1995-2004);7.1.1;108409,16;266618,67;0,41
728;European Union - 27 countries (from 2020);7.1.1;107286,87;267891,03;0,40
729;European Union - 28 countries (2013-2020);7.1.1;120831,60;304050,77;0,40
730;Finland;7.1.1;2785,87;4899,78;0,57
731;France;7.1.1;22349,56;41254,28;0,54
732;Germany (until 1990 former territory of the FRG);7.1.1;18124,11;69420,05;0,26
733;Greece;7.1.1;735,62;5530,29;0,13
734;Hungary;7.1.1;371183,45;688409,09;0,54
735;Italy;7.1.1;11447,11;30460,83;0,38
736;Japan;7.1.1;6337421,14;8764928,64;0,72
737;Latvia;7.1.1;314,02;479,59;0,65
738;Lithuania;7.1.1;590,48;829,27;0,71
739;Luxembourg;7.1.1;398,10;517,49;0,77
740;Netherlands;7.1.1;7026,68;9555,10;0,74
741;Poland;7.1.1;26138,07;60836,87;0,43
742;Portugal;7.1.1;1534,06;5534,90;0,28
743;Slovakia;7.1.1;1056,48;2167,52;0,49
744;Slovenia;7.1.1;442,74;1045,26;0,42
745;Spain;7.1.1;14865,74;31768,86;0,47
746;Sweden;7.1.1;56875,95;107159,81;0,53
747;United Kingdom;7.1.1;11983,15;31990,88;0,37
748;AT, BE, CZ, DE, DK, EE, ES, FI, FR, HU, IT, LT, LU, LV, NL, RO, SE, SI, SK and UK – Growth Accounts available from 2009;7.1.2;111556,73;270798,17;0,41
749;AT, BE, CZ, DE, DK, ES, FI, FR, IT, NL, SE and UK – Growth Accounts available from 2000;7.1.2;107590,93;257654,08;0,42
750;Austria;7.1.2;3138,74;7094,70;0,44
751;Belgium;7.1.2;4098,03;6136,95;0,67
752;Bulgaria;7.1.2;797,03;3607,70;0,22
753;Czechia;7.1.2;47435,40;160066,57;0,30
754;Denmark;7.1.2;20991,50;31426,38;0,67
755;EU12 without UK;7.1.2;94046,22;221494,35;0,42
756;EU20 without UK;7.1.2;98012,02;234638,43;0,42
757;Estonia;7.1.2;464,12;875,56;0,53
758;Euro area - 19 countries  (from 2015);7.1.2;88928,71;220383,59;0,40
759;European Union - 15 countries (1995-2004);7.1.2;108409,16;266618,67;0,41
760;European Union - 27 countries (from 2020);7.1.2;107286,87;267891,03;0,40
761;European Union - 28 countries (2013-2020);7.1.2;120831,60;304050,77;0,40
762;Finland;7.1.2;2785,87;4899,78;0,57
763;France;7.1.2;22349,56;41254,28;0,54
764;Germany (until 1990 former territory of the FRG);7.1.2;18124,11;69420,05;0,26
765;Greece;7.1.2;735,62;5530,29;0,13
766;Hungary;7.1.2;371183,45;688409,09;0,54
767;Italy;7.1.2;11447,11;30460,83;0,38
768;Japan;7.1.2;6337421,14;8764928,64;0,72
769;Latvia;7.1.2;314,02;479,59;0,65
770;Lithuania;7.1.2;590,48;829,27;0,71
771;Luxembourg;7.1.2;398,10;517,49;0,77
772;Netherlands;7.1.2;7026,68;9555,10;0,74
773;Poland;7.1.2;26138,07;60836,87;0,43
774;Portugal;7.1.2;1534,06;5534,90;0,28
775;Slovakia;7.1.2;1056,48;2167,52;0,49
776;Slovenia;7.1.2;442,74;1045,26;0,42
777;Spain;7.1.2;14865,74;31768,86;0,47
778;Sweden;7.1.2;56875,95;107159,81;0,53
779;United Kingdom;7.1.2;11983,15;31990,88;0,37
780;AT, BE, CZ, DE, DK, EE, ES, FI, FR, HU, IT, LT, LU, LV, NL, RO, SE, SI, SK and UK – Growth Accounts available from 2009;7.2.1;56939,49;153543,62;0,37
781;AT, BE, CZ, DE, DK, ES, FI, FR, IT, NL, SE and UK – Growth Accounts available from 2000;7.2.1;55493,61;148232,26;0,37
782;Austria;7.2.1;1603,97;4214,94;0,38
783;Belgium;7.2.1;2265,07;4598,87;0,49
784;Bulgaria;7.2.1;254,97;1109,39;0,23
785;Czechia;7.2.1;22363,74;58715,88;0,38
786;Denmark;7.2.1;12519,32;19003,92;0,66
787;EU12 without UK;7.2.1;42673,72;115760,71;0,37
788;EU20 without UK;7.2.1;44119,59;121072,07;0,36
789;Estonia;7.2.1;90,34;210,68;0,43
790;Euro area - 19 countries  (from 2015);7.2.1;40162,61;115926,75;0,35
791;European Union - 15 countries (1995-2004);7.2.1;56050,70;152054,90;0,37
792;European Union - 27 countries (from 2020);7.2.1;48208,97;135393,51;0,36
793;European Union - 28 countries (2013-2020);7.2.1;61028,87;167865,05;0,36
794;Finland;7.2.1;908,15;2177,68;0,42
795;France;7.2.1;7549,84;17969,40;0,42
796;Germany (until 1990 former territory of the FRG);7.2.1;14063,99;39463,96;0,36
797;Greece;7.2.1;379,79;2336,05;0,16
798;Hungary;7.2.1;103762,21;369077,81;0,28
799;Italy;7.2.1;6329,44;19705,05;0,32
800;Japan;7.2.1;3237167,55;7949732,27;0,41
801;Latvia;7.2.1;84,44;255,56;0,33
802;Lithuania;7.2.1;251,66;482,89;0,52
803;Luxembourg;7.2.1;329,84;314,37;1,05
804;Malta;7.2.1;61,41;102,03;0,60
805;Netherlands;7.2.1;1946,21;5235,17;0,37
806;Poland;7.2.1;11540,29;29001,88;0,40
807;Portugal;7.2.1;719,44;1989,44;0,36
808;Slovakia;7.2.1;367,63;826,43;0,44
809;Slovenia;7.2.1;86,92;406,13;0,21
810;Spain;7.2.1;3211,37;14399,38;0,22
811;Sweden;7.2.1;23019,17;32386,50;0,71
812;United Kingdom;7.2.1;11341,89;28727,90;0,39
813;AT, BE, CZ, DE, DK, EE, ES, FI, FR, HU, IT, LT, LU, LV, NL, RO, SE, SI, SK and UK – Growth Accounts available from 2009;5.1.1;113039,71;848318,44;0,13
814;AT, BE, CZ, DE, DK, ES, FI, FR, IT, NL, SE and UK – Growth Accounts available from 2000;5.1.1;110382,54;808799,56;0,14
815;Austria;5.1.1;1842,41;26492,71;0,07
816;Belgium;5.1.1;4819,71;25580,42;0,19
817;Bulgaria;5.1.1;3460,79;4692,64;0,74
818;Cyprus;5.1.1;162,62;1253,94;0,13
819;Czechia;5.1.1;46018,25;321982,52;0,14
820;Denmark;5.1.1;8055,32;139312,48;0,06
821;EU12 without UK;5.1.1;71681,26;644347,47;0,11
822;EU20 without UK;5.1.1;74338,43;683866,35;0,11
823;Estonia;5.1.1;170,88;1798,24;0,10
824;Euro area - 19 countries  (from 2015);5.1.1;68461,94;621182,78;0,11
825;European Union - 15 countries (1995-2004);5.1.1;110175,92;821004,24;0,13
826;European Union - 27 countries (from 2020);5.1.1;81885,56;752851,14;0,11
827;European Union - 28 countries (2013-2020);5.1.1;120586,79;917303,24;0,13
828;Finland;5.1.1;1374,63;17684,79;0,08
829;France;5.1.1;10472,70;138738,54;0,08
830;Germany (until 1990 former territory of the FRG);5.1.1;9907,03;175175,71;0,06
831;Greece;5.1.1;281,78;2680,77;0,11
832;Hungary;5.1.1;291604,83;2191264,64;0,13
833;Italy;5.1.1;7865,98;79243,94;0,10
834;Japan;5.1.1;3012851,15;35664229,81;0,08
835;Latvia;5.1.1;264,77;1899,68;0,14
836;Lithuania;5.1.1;421,60;3399,02;0,12
837;Luxembourg;5.1.1;293,35;3824,64;0,08
838;Malta;5.1.1;74,16;521,51;0,14
839;Netherlands;5.1.1;4725,00;38432,98;0,12
840;Poland;5.1.1;17368,30;167721,52;0,10
841;Portugal;5.1.1;1012,55;8814,41;0,11
842;Slovakia;5.1.1;476,63;7512,88;0,06
843;Slovenia;5.1.1;286,38;2700,49;0,11
844;Spain;5.1.1;24296,13;78689,36;0,31
845;Sweden;5.1.1;35930,54;339170,14;0,11
846;United Kingdom;5.1.1;34239,41;145492,41;0,24
847;United States;5.1.1;74228,90;989167,50;0,08
848;AT, BE, CZ, DE, DK, EE, ES, FI, FR, HU, IT, LT, LU, LV, NL, RO, SE, SI, SK and UK – Growth Accounts available from 2009;2.1.1;42338,06;794418,75;0,05
849;AT, BE, CZ, DE, DK, ES, FI, FR, IT, NL, SE and UK – Growth Accounts available from 2000;2.1.1;40246,68;762676,65;0,05
850;Austria;2.1.1;2985,10;24952,86;0,12
851;Belgium;2.1.1;3861,25;29241,38;0,13
852;Bulgaria;2.1.1;1036,52;8810,39;0,12
853;Czechia;2.1.1;48288,05;324199,17;0,15
854;Denmark;2.1.1;14003,76;196512,01;0,07
855;EU12 without UK;2.1.1;30609,08;669338,65;0,05
856;EU20 without UK;2.1.1;32700,44;701080,75;0,05
857;Euro area - 19 countries  (from 2015);2.1.1;26305,35;664088,51;0,04
858;European Union - 15 countries (1995-2004);2.1.1;40610,65;796425,49;0,05
859;European Union - 27 countries (from 2020);2.1.1;35199,54;788791,65;0,04
860;European Union - 28 countries (2013-2020);2.1.1;44837,15;882129,66;0,05
861;Finland;2.1.1;1341,56;9509,05;0,14
862;Germany (until 1990 former territory of the FRG);2.1.1;14937,24;176488,93;0,08
863;Greece;2.1.1;936,14;12193,95;0,08
864;Hungary;2.1.1;280718,79;2058419,06;0,14
865;Japan;2.1.1;3783904,61;54244842,55;0,07
866;Latvia;2.1.1;201,12;2022,98;0,10
867;Luxembourg;2.1.1;277,64;4088,82;0,07
868;Portugal;2.1.1;1032,98;14212,91;0,07
869;Slovakia;2.1.1;732,31;4245,89;0,17
870;Sweden;2.1.1;38183,80;271765,98;0,14
871;United Kingdom;2.1.1;8526,49;82577,06;0,10
872;United States;2.1.1;105885,56;1138440,15;0,09
873;AT, BE, CZ, DE, DK, EE, ES, FI, FR, HU, IT, LT, LU, LV, NL, RO, SE, SI, SK and UK – Growth Accounts available from 2009;2.2.1;42338,06;794418,75;0,05
874;AT, BE, CZ, DE, DK, ES, FI, FR, IT, NL, SE and UK – Growth Accounts available from 2000;2.2.1;40246,68;762676,65;0,05
875;Austria;2.2.1;2985,10;24952,86;0,12
876;Belgium;2.2.1;3861,25;29241,38;0,13
877;Bulgaria;2.2.1;1036,52;8810,39;0,12
878;Czechia;2.2.1;48288,05;324199,17;0,15
879;Denmark;2.2.1;14003,76;196512,01;0,07
880;EU12 without UK;2.2.1;30609,08;669338,65;0,05
881;EU20 without UK;2.2.1;32700,44;701080,75;0,05
882;Euro area - 19 countries  (from 2015);2.2.1;26305,35;664088,51;0,04
883;European Union - 15 countries (1995-2004);2.2.1;40610,65;796425,49;0,05
884;European Union - 27 countries (from 2020);2.2.1;35199,54;788791,65;0,04
885;European Union - 28 countries (2013-2020);2.2.1;44837,15;882129,66;0,05
886;Finland;2.2.1;1341,56;9509,05;0,14
887;Germany (until 1990 former territory of the FRG);2.2.1;14937,24;176488,93;0,08
888;Greece;2.2.1;936,14;12193,95;0,08
889;Hungary;2.2.1;280718,79;2058419,06;0,14
890;Japan;2.2.1;3783904,61;54244842,55;0,07
891;Latvia;2.2.1;201,12;2022,98;0,10
892;Luxembourg;2.2.1;277,64;4088,82;0,07
893;Portugal;2.2.1;1032,98;14212,91;0,07
894;Slovakia;2.2.1;732,31;4245,89;0,17
895;Sweden;2.2.1;38183,80;271765,98;0,14
896;United Kingdom;2.2.1;8526,49;82577,06;0,10
897;United States;2.2.1;105885,56;1138440,15;0,09
898;AT, BE, CZ, DE, DK, EE, ES, FI, FR, HU, IT, LT, LU, LV, NL, RO, SE, SI, SK and UK – Growth Accounts available from 2009;2.1.2;35881,73;665504,22;0,05
899;AT, BE, CZ, DE, DK, ES, FI, FR, IT, NL, SE and UK – Growth Accounts available from 2000;2.1.2;33824,53;632700,61;0,05
900;Austria;2.1.2;2174,61;17295,79;0,13
901;Belgium;2.1.2;3036,47;19171,62;0,16
902;Bulgaria;2.1.2;1161,47;6465,96;0,18
903;Czechia;2.1.2;41061,79;238858,68;0,17
904;Denmark;2.1.2;6534,25;73298,30;0,09
905;EU12 without UK;2.1.2;20373,25;502491,40;0,04
906;EU20 without UK;2.1.2;22430,45;535295,01;0,04
907;Euro area - 19 countries  (from 2015);2.1.2;19237,11;510833,80;0,04
908;European Union - 15 countries (1995-2004);2.1.2;34662,28;655032,50;0,05
909;European Union - 27 countries (from 2020);2.1.2;25277,10;616042,55;0,04
910;European Union - 28 countries (2013-2020);2.1.2;38728,38;746251,76;0,05
911;Finland;2.1.2;824,31;7958,45;0,10
912;Germany (until 1990 former territory of the FRG);2.1.2;9728,07;122940,91;0,08
913;Greece;2.1.2;867,88;8670,33;0,10
914;Hungary;2.1.2;266696,14;1923323,77;0,14
915;Japan;2.1.2;5341685,17;33977696,87;0,16
916;Latvia;2.1.2;181,39;1757,02;0,10
917;Luxembourg;2.1.2;186,00;1603,62;0,12
918;Portugal;2.1.2;1384,91;10654,45;0,13
919;Slovakia;2.1.2;853,48;4476,64;0,19
920;Sweden;2.1.2;21871,28;171445,07;0,13
921;United Kingdom;2.1.2;11900,48;115197,39;0,10
922;United States;2.1.2;129464,50;1033807,58;0,13
923;AT, BE, CZ, DE, DK, EE, ES, FI, FR, HU, IT, LT, LU, LV, NL, RO, SE, SI, SK and UK – Growth Accounts available from 2009;2.2.2;35881,73;665504,22;0,05
924;AT, BE, CZ, DE, DK, ES, FI, FR, IT, NL, SE and UK – Growth Accounts available from 2000;2.2.2;33824,53;632700,61;0,05
925;Austria;2.2.2;2174,61;17295,79;0,13
926;Belgium;2.2.2;3036,47;19171,62;0,16
927;Bulgaria;2.2.2;1161,47;6465,96;0,18
928;Czechia;2.2.2;41061,79;238858,68;0,17
929;Denmark;2.2.2;6534,25;73298,30;0,09
930;EU12 without UK;2.2.2;20373,25;502491,40;0,04
931;EU20 without UK;2.2.2;22430,45;535295,01;0,04
932;Euro area - 19 countries  (from 2015);2.2.2;19237,11;510833,80;0,04
933;European Union - 15 countries (1995-2004);2.2.2;34662,28;655032,50;0,05
934;European Union - 27 countries (from 2020);2.2.2;25277,10;616042,55;0,04
935;European Union - 28 countries (2013-2020);2.2.2;38728,38;746251,76;0,05
936;Finland;2.2.2;824,31;7958,45;0,10
937;Germany (until 1990 former territory of the FRG);2.2.2;9728,07;122940,91;0,08
938;Greece;2.2.2;867,88;8670,33;0,10
939;Hungary;2.2.2;266696,14;1923323,77;0,14
940;Japan;2.2.2;5341685,17;33977696,87;0,16
941;Latvia;2.2.2;181,39;1757,02;0,10
942;Luxembourg;2.2.2;186,00;1603,62;0,12
943;Portugal;2.2.2;1384,91;10654,45;0,13
944;Slovakia;2.2.2;853,48;4476,64;0,19
945;Sweden;2.2.2;21871,28;171445,07;0,13
946;United Kingdom;2.2.2;11900,48;115197,39;0,10
947;United States;2.2.2;129464,50;1033807,58;0,13
948;AT, BE, CZ, DE, DK, EE, ES, FI, FR, HU, IT, LT, LU, LV, NL, RO, SE, SI, SK and UK – Growth Accounts available from 2009;10.1.2;102044,20;682844,69;0,15
949;AT, BE, CZ, DE, DK, ES, FI, FR, IT, NL, SE and UK – Growth Accounts available from 2000;10.1.2;95960,93;641714,43;0,15
950;Austria;10.1.2;8423,87;22227,81;0,38
951;Belgium;10.1.2;9210,15;26252,38;0,35
952;Bulgaria;10.1.2;1625,23;6060,78;0,27
953;Czechia;10.1.2;109828,77;325153,39;0,34
954;Denmark;10.1.2;31836,25;85690,06;0,37
955;EU12 without UK;10.1.2;72579,71;547855,84;0,13
956;EU20 without UK;10.1.2;78662,97;588986,10;0,13
957;Euro area - 19 countries  (from 2015);10.1.2;66260,66;555214,66;0,12
958;European Union - 15 countries (1995-2004);10.1.2;95480,68;655943,04;0,15
959;European Union - 27 countries (from 2020);10.1.2;83049,93;655863,64;0,13
960;European Union - 28 countries (2013-2020);10.1.2;106431,14;749722,23;0,14
961;Finland;10.1.2;2161,15;10406,57;0,21
962;Germany (until 1990 former territory of the FRG);10.1.2;40242,46;149946,98;0,27
963;Greece;10.1.2;1388,92;8027,77;0,17
964;Hungary;10.1.2;1089390,38;2616376,37;0,42
965;Japan;10.1.2;9703925,41;30375987,56;0,32
966;Latvia;10.1.2;650,00;2585,94;0,25
967;Luxembourg;10.1.2;246,11;1396,12;0,18
968;Portugal;10.1.2;2167,05;10236,87;0,21
969;Slovakia;10.1.2;1770,96;5993,58;0,30
970;Sweden;10.1.2;40912,99;127792,27;0,32
971;United Kingdom;10.1.2;20685,60;83037,64;0,25
972;United States;10.1.2;157186,23;704557,46;0,22
973;AT, BE, CZ, DE, DK, EE, ES, FI, FR, HU, IT, LT, LU, LV, NL, RO, SE, SI, SK and UK – Growth Accounts available from 2009;10.1.1;13795,80;34451,46;0,40
974;AT, BE, CZ, DE, DK, ES, FI, FR, IT, NL, SE and UK – Growth Accounts available from 2000;10.1.1;13892,03;33766,29;0,41
975;Austria;10.1.1;18,07;58,34;0,31
976;Belgium;10.1.1;903,90;1083,05;0,83
977;Bulgaria;10.1.1;24,56;95,89;0,26
978;Czechia;10.1.1;70,86;367,28;0,19
979;Denmark;10.1.1;30189,94;31211,45;0,97
980;EU12 without UK;10.1.1;11458,59;24490,42;0,47
981;EU20 without UK;10.1.1;11362,37;25175,59;0,45
982;Euro area - 19 countries  (from 2015);10.1.1;7178,54;25891,25;0,28
983;European Union - 15 countries (1995-2004);10.1.1;14184,74;39213,53;0,36
984;European Union - 27 countries (from 2020);10.1.1;11670,41;31972,88;0,37
985;European Union - 28 countries (2013-2020);10.1.1;14103,83;41248,74;0,34
986;Finland;10.1.1;225,56;759,35;0,30
987;Germany (until 1990 former territory of the FRG);10.1.1;5839,57;7081,00;0,82
988;Greece;10.1.1;176,32;5235,05;0,03
989;Hungary;10.1.1;2492,99;4199,47;0,59
990;Japan;10.1.1;1093896,79;2780705,01;0,39
991;Latvia;10.1.1;-110,06;59,52;-1,85
992;Portugal;10.1.1;119,16;155,18;0,77
993;Slovakia;10.1.1;6,02;14,64;0,41
994;Sweden;10.1.1;4289,23;9334,26;0,46
995;United Kingdom;10.1.1;2152,88;8206,45;0,26
996;United States;10.1.1;7949,00;15706,69;0,51
997;AT, BE, CZ, DE, DK, EE, ES, FI, FR, HU, IT, LT, LU, LV, NL, RO, SE, SI, SK and UK – Growth Accounts available from 2009;8.1.1;879267,48;5449246,52;0,16
998;AT, BE, CZ, DE, DK, ES, FI, FR, IT, NL, SE and UK – Growth Accounts available from 2000;8.1.1;860070,51;5267091,70;0,16
999;Austria;8.1.1;29733,60;137917,65;0,22
1000;Belgium;8.1.1;34884,33;108298,49;0,32
1001;Bulgaria;8.1.1;4439,21;29347,90;0,15
1002;Cyprus;8.1.1;357,59;8466,62;0,04
1003;Czechia;8.1.1;340727,81;1523849,38;0,22
1004;Denmark;8.1.1;147681,78;821098,78;0,18
1005;EU12 without UK;8.1.1;715400,98;4263194,27;0,17
1006;EU20 without UK;8.1.1;734597,81;4445349,09;0,17
1007;Estonia;8.1.1;1658,53;7741,87;0,21
1008;Euro area - 19 countries  (from 2015);8.1.1;674723,48;4229673,72;0,16
1009;European Union - 15 countries (1995-2004);8.1.1;868363,07;5475000,53;0,16
1010;European Union - 27 countries (from 2020);8.1.1;777943,27;4876981,07;0,16
1011;European Union - 28 countries (2013-2020);8.1.1;922613,06;5880878,50;0,16
1012;Finland;8.1.1;13082,61;81116,22;0,16
1013;France;8.1.1;170813,26;977207,97;0,17
1014;Germany (until 1990 former territory of the FRG);8.1.1;213104,42;1216613,43;0,18
1015;Greece;8.1.1;6137,89;52803,43;0,12
1016;Hungary;8.1.1;2323259,92;12441965,13;0,19
1017;Italy;8.1.1;71626,43;596305,03;0,12
1018;Japan;8.1.1;22781910,36;141619110,60;0,16
1019;Latvia;8.1.1;1400,02;8186,61;0,17
1020;Lithuania;8.1.1;2074,11;11450,65;0,18
1021;Luxembourg;8.1.1;2788,94;21181,95;0,13
1022;Malta;8.1.1;962,36;6465,73;0,15
1023;Netherlands;8.1.1;42353,75;316865,45;0,13
1024;Poland;8.1.1;82283,01;557725,84;0,15
1025;Portugal;8.1.1;12650,98;68712,30;0,18
1026;Slovakia;8.1.1;3617,97;26052,33;0,14
1027;Slovenia;8.1.1;2030,30;13879,05;0,15
1028;Spain;8.1.1;67476,67;459660,56;0,15
1029;Sweden;8.1.1;402392,53;2047822,36;0,20
1030;United Kingdom;8.1.1;127990,67;888158,10;0,14
1031;United States;8.1.1;1311811,36;7773751,16;0,17
1032;AT, BE, CZ, DE, DK, EE, ES, FI, FR, HU, IT, LT, LU, LV, NL, RO, SE, SI, SK and UK – Growth Accounts available from 2009;4.1.1;94519,31;747445,33;0,13
1033;AT, BE, CZ, DE, DK, ES, FI, FR, IT, NL, SE and UK – Growth Accounts available from 2000;4.1.1;92078,41;712700,31;0,13
1034;Austria;4.1.1;3832,20;16713,46;0,23
1035;Belgium;4.1.1;5486,12;31632,93;0,17
1036;Bulgaria;4.1.1;319,33;7478,51;0,04
1037;Cyprus;4.1.1;102,51;1879,13;0,05
1038;Czechia;4.1.1;68883,90;245585,40;0,28
1039;Denmark;4.1.1;28348,74;130660,81;0,22
1040;EU12 without UK;4.1.1;76530,09;540148,35;0,14
1041;EU20 without UK;4.1.1;78970,98;574893,37;0,14
1042;Estonia;4.1.1;106,76;1100,18;0,10
1043;Euro area - 19 countries  (from 2015);4.1.1;70292,77;561493,09;0,13
1044;European Union - 15 countries (1995-2004);4.1.1;91513,56;761985,49;0,12
1045;European Union - 27 countries (from 2020);4.1.1;83201,04;649200,79;0,13
1046;European Union - 28 countries (2013-2020);4.1.1;98749,37;821752,75;0,12
1047;Finland;4.1.1;684,95;7709,27;0,09
1048;France;4.1.1;26236,09;101342,43;0,26
1049;Germany (until 1990 former territory of the FRG);4.1.1;13419,19;136702,57;0,10
1050;Greece;4.1.1;737,27;9837,59;0,07
1051;Hungary;4.1.1;182831,83;1520415,16;0,12
1052;Italy;4.1.1;7888,19;92187,43;0,09
1053;Japan;4.1.1;2891449,02;26906742,37;0,11
1054;Latvia;4.1.1;90,46;1070,54;0,08
1055;Lithuania;4.1.1;95,30;1083,76;0,09
1056;Luxembourg;4.1.1;1138,20;16832,85;0,07
1057;Malta;4.1.1;134,27;1035,46;0,13
1058;Netherlands;4.1.1;8080,09;54862,42;0,15
1059;Poland;4.1.1;11678,46;91313,76;0,13
1060;Portugal;4.1.1;245,52;10228,25;0,02
1061;Slovakia;4.1.1;352,87;3004,70;0,12
1062;Slovenia;4.1.1;190,72;1788,32;0,11
1063;Spain;4.1.1;1662,78;52308,02;0,03
1064;Sweden;4.1.1;28221,27;200892,17;0,14
1065;United Kingdom;4.1.1;13755,76;152658,45;0,09
1066;United States;4.1.1;268831,30;1840871,89;0,15
1067;AT, BE, CZ, DE, DK, EE, ES, FI, FR, HU, IT, LT, LU, LV, NL, RO, SE, SI, SK and UK – Growth Accounts available from 2009;9.1.1;1026144,13;1763657,88;0,58
1068;AT, BE, CZ, DE, DK, ES, FI, FR, IT, NL, SE and UK – Growth Accounts available from 2000;9.1.1;1006835,52;1707780,54;0,59
1069;Austria;9.1.1;27911,15;40240,91;0,69
1070;Belgium;9.1.1;35252,79;44260,40;0,80
1071;Bulgaria;9.1.1;1860,24;11880,52;0,16
1072;Cyprus;9.1.1;1680,62;2220,67;0,76
1073;Czechia;9.1.1;352095,68;526888,76;0,67
1074;Denmark;9.1.1;148531,01;242109,85;0,61
1075;EU12 without UK;9.1.1;852869,99;1363534,92;0,63
1076;EU20 without UK;9.1.1;872178,60;1419412,26;0,61
1077;Estonia;9.1.1;2101,27;2651,01;0,79
1078;Euro area - 19 countries  (from 2015);9.1.1;807110,96;1375232,04;0,59
1079;European Union - 15 countries (1995-2004);9.1.1;1007683,09;1772018,45;0,57
1080;European Union - 27 countries (from 2020);9.1.1;901482,81;1541015,22;0,58
1081;European Union - 28 countries (2013-2020);9.1.1;1055448,33;1885260,83;0,56
1082;Finland;9.1.1;27392,24;30486,34;0,90
1083;France;9.1.1;208378,24;318353,45;0,65
1084;Germany (until 1990 former territory of the FRG);9.1.1;266495,38;375288,45;0,71
1085;Greece;9.1.1;1855,63;30266,45;0,06
1086;Hungary;9.1.1;1986435,16;4058981,98;0,49
1087;Italy;9.1.1;97265,07;250807,34;0,39
1088;Japan;9.1.1;26348984,64;73208249,87;0,36
1089;Latvia;9.1.1;1841,93;3706,07;0,50
1090;Lithuania;9.1.1;2019,20;3307,03;0,61
1091;Luxembourg;9.1.1;3347,30;4702,68;0,71
1092;Malta;9.1.1;877,09;818,87;1,07
1093;Netherlands;9.1.1;51634,87;59905,10;0,86
1094;Poland;9.1.1;53120,51;107225,95;0,50
1095;Portugal;9.1.1;9373,24;26228,76;0,36
1096;Slovakia;9.1.1;4573,48;9757,87;0,47
1097;Slovenia;9.1.1;1297,51;3531,41;0,37
1098;Spain;9.1.1;65111,45;148646,74;0,44
1099;Sweden;9.1.1;407990,26;436165,47;0,94
1100;United Kingdom;9.1.1;136214,84;304557,54;0,45
1101;United States;9.1.1;1041779,02;2622427,58;0,40
1102;AT, BE, CZ, DE, DK, EE, ES, FI, FR, HU, IT, LT, LU, LV, NL, RO, SE, SI, SK and UK – Growth Accounts available from 2009;1.11.1;163175,08;724853,50;0,23
1103;AT, BE, CZ, DE, DK, ES, FI, FR, IT, NL, SE and UK – Growth Accounts available from 2000;1.11.1;159689,26;703577,55;0,23
1104;Austria;1.11.1;8814,76;18150,92;0,49
1105;Bulgaria;1.11.1;446,16;2930,30;0,15
1106;Czechia;1.11.1;36751,30;116102,00;0,32
1107;Denmark;1.11.1;19808,19;75044,94;0,26
1108;EU12 without UK;1.11.1;138879,07;569134,20;0,24
1109;EU20 without UK;1.11.1;142364,77;590410,15;0,24
1110;Estonia;1.11.1;244,34;1038,06;0,24
1111;Euro area - 19 countries  (from 2015);1.11.1;136798,70;581975,45;0,24
1112;European Union - 15 countries (1995-2004);1.11.1;161236,66;736412,01;0,22
1113;European Union - 27 countries (from 2020);1.11.1;148079,89;644190,18;0,23
1114;European Union - 28 countries (2013-2020);1.11.1;168890,19;778633,53;0,22
1115;Finland;1.11.1;954,21;8920,93;0,11
1116;France;1.11.1;27015,52;145521,94;0,19
1117;Germany (until 1990 former territory of the FRG);1.11.1;59028,83;185849,17;0,32
1118;Greece;1.11.1;388,18;3268,76;0,12
1119;Hungary;1.11.1;343983,71;1730848,26;0,20
1120;Italy;1.11.1;11827,97;65608,64;0,18
1121;Latvia;1.11.1;244,34;945,00;0,26
1122;Lithuania;1.11.1;573,71;1538,67;0,37
1123;Luxembourg;1.11.1;825,96;2426,63;0,34
1124;Malta;1.11.1;89,28;1039,12;0,09
1125;Netherlands;1.11.1;8050,57;58776,11;0,14
1126;Poland;1.11.1;12780,29;57650,66;0,22
1127;Portugal;1.11.1;1766,24;8431,07;0,21
1128;Slovakia;1.11.1;653,07;3305,96;0,20
1129;Slovenia;1.11.1;109,95;1539,73;0,07
1130;Spain;1.11.1;9611,67;53422,84;0,18
1131;Sweden;1.11.1;28464,55;187602,89;0,15
1132;United Kingdom;1.11.1;18411,08;118943,38;0,15
1133;United States;1.11.1;184207,65;932009,30;0,20
1134;AT, BE, CZ, DE, DK, EE, ES, FI, FR, HU, IT, LT, LU, LV, NL, RO, SE, SI, SK and UK – Growth Accounts available from 2009;8.1.2;220780,15;959046,01;0,23
1135;AT, BE, CZ, DE, DK, ES, FI, FR, IT, NL, SE and UK – Growth Accounts available from 2000;8.1.2;207354,59;916771,67;0,23
1136;Austria;8.1.2;3467,99;20279,35;0,17
1137;Belgium;8.1.2;5587,21;35812,33;0,16
1138;Bulgaria;8.1.2;2449,77;7312,82;0,33
1139;Czechia;8.1.2;122239,42;344916,66;0,35
1140;Denmark;8.1.2;28117,39;111160,89;0,25
1141;EU12 without UK;8.1.2;189379,52;791498,74;0,24
1142;EU20 without UK;8.1.2;202805,08;833773,08;0,24
1143;Estonia;8.1.2;837,41;1818,32;0,46
1144;Euro area - 19 countries  (from 2015);8.1.2;189012,60;804293,44;0,24
1145;European Union - 15 countries (1995-2004);8.1.2;211291,78;952419,94;0,22
1146;European Union - 27 countries (from 2020);8.1.2;216413,81;918142,30;0,24
1147;European Union - 28 countries (2013-2020);8.1.2;234388,88;1043415,24;0,22
1148;Finland;8.1.2;4872,62;13412,10;0,36
1149;France;8.1.2;49334,37;193146,29;0,26
1150;Germany (until 1990 former territory of the FRG);8.1.2;50995,98;219075,33;0,23
1151;Greece;8.1.2;4634,77;18937,31;0,24
1152;Hungary;8.1.2;1800558,83;3418355,50;0,53
1153;Italy;8.1.2;21683,51;122525,21;0,18
1154;Japan;8.1.2;16412315,30;32090179,64;0,51
1155;Latvia;8.1.2;1335,90;2322,94;0,58
1156;Lithuania;8.1.2;1331,29;2704,27;0,49
1157;Luxembourg;8.1.2;1769,54;3843,06;0,46
1158;Malta;8.1.2;305,87;727,35;0,42
1159;Netherlands;8.1.2;21982,29;57131,04;0,38
1160;Poland;8.1.2;18235,12;120001,51;0,15
1161;Portugal;8.1.2;2299,08;14495,86;0,16
1162;Slovakia;8.1.2;2099,26;6588,31;0,32
1163;Slovenia;8.1.2;1243,19;2674,98;0,46
1164;Spain;8.1.2;16475,50;77785,93;0,21
1165;Sweden;8.1.2;66076,77;245871,19;0,27
1166;United Kingdom;8.1.2;15902,73;110830,22;0,14
1167;United States;8.1.2;831273,88;3042847,39;0,27
