;Country;Sector;Value_CAPEX;Value_GVA;Value_norm_CAPEX
0;AT, BE, CZ, DE, DK, EE, ES, FI, FR, HU, IT, LT, LU, LV, NL, RO, SE, SI, SK and UK – Growth Accounts available from 2009;1.2.1;838677,91;195384,85;4,29
1;AT, BE, CZ, DE, DK, ES, FI, FR, IT, NL, SE and UK – Growth Accounts available from 2000;1.2.1;776157,90;180277,24;4,31
2;Austria;1.2.1;45904,65;4428,58;10,37
3;Belgium;1.2.1;9042,33;3281,16;2,76
4;Czechia;1.2.1;286540,90;72645,24;3,94
5;Denmark;1.2.1;250708,60;25704,66;9,75
6;EU12 without UK;1.2.1;735629,01;166852,05;4,41
7;EU20 without UK;1.2.1;798149,02;181959,66;4,39
8;Estonia;1.2.1;1605,51;552,10;2,91
9;Euro area - 19 countries  (from 2015);1.2.1;713521,84;171575,73;4,16
10;European Union - 15 countries (1995-2004);1.2.1;796982,16;191426,61;4,16
11;European Union - 27 countries (from 2020);1.2.1;851701,65;212991,48;4,00
12;European Union - 28 countries (2013-2020);1.2.1;892230,53;226416,67;3,94
13;Finland;1.2.1;21952,76;5374,52;4,08
14;France;1.2.1;107473,95;37796,45;2,84
15;Germany (until 1990 former territory of the FRG);1.2.1;155762,00;24339,47;6,40
16;Greece;1.2.1;20841,25;7909,56;2,63
17;Italy;1.2.1;196692,46;33785,34;5,82
18;Japan;1.2.1;2513076,55;6762068,76;0,37
19;Latvia;1.2.1;9039,97;860,80;10,50
20;Lithuania;1.2.1;4378,15;1001,10;4,37
21;Luxembourg;1.2.1;1835,09;117,27;15,65
22;Netherlands;1.2.1;52133,24;13425,09;3,88
23;Slovakia;1.2.1;10041,77;1342,86;7,48
24;Slovenia;1.2.1;3489,96;813,32;4,29
25;Spain;1.2.1;65393,91;30798,11;2,12
26;Sweden;1.2.1;345979,52;69609,00;4,97
27;United Kingdom;1.2.1;34767,30;11516,67;3,02
28;United States;1.2.1;575244,12;174545,08;3,30
29;AT, BE, CZ, DE, DK, EE, ES, FI, FR, HU, IT, LT, LU, LV, NL, RO, SE, SI, SK and UK – Growth Accounts available from 2009;1.8.1;838677,91;195384,85;4,29
30;AT, BE, CZ, DE, DK, ES, FI, FR, IT, NL, SE and UK – Growth Accounts available from 2000;1.8.1;776157,90;180277,24;4,31
31;Austria;1.8.1;45904,65;4428,58;10,37
32;Belgium;1.8.1;9042,33;3281,16;2,76
33;Czechia;1.8.1;286540,90;72645,24;3,94
34;Denmark;1.8.1;250708,60;25704,66;9,75
35;EU12 without UK;1.8.1;735629,01;166852,05;4,41
36;EU20 without UK;1.8.1;798149,02;181959,66;4,39
37;Estonia;1.8.1;1605,51;552,10;2,91
38;Euro area - 19 countries  (from 2015);1.8.1;713521,84;171575,73;4,16
39;European Union - 15 countries (1995-2004);1.8.1;796982,16;191426,61;4,16
40;European Union - 27 countries (from 2020);1.8.1;851701,65;212991,48;4,00
41;European Union - 28 countries (2013-2020);1.8.1;892230,53;226416,67;3,94
42;Finland;1.8.1;21952,76;5374,52;4,08
43;France;1.8.1;107473,95;37796,45;2,84
44;Germany (until 1990 former territory of the FRG);1.8.1;155762,00;24339,47;6,40
45;Greece;1.8.1;20841,25;7909,56;2,63
46;Italy;1.8.1;196692,46;33785,34;5,82
47;Japan;1.8.1;2513076,55;6762068,76;0,37
48;Latvia;1.8.1;9039,97;860,80;10,50
49;Lithuania;1.8.1;4378,15;1001,10;4,37
50;Luxembourg;1.8.1;1835,09;117,27;15,65
51;Netherlands;1.8.1;52133,24;13425,09;3,88
52;Slovakia;1.8.1;10041,77;1342,86;7,48
53;Slovenia;1.8.1;3489,96;813,32;4,29
54;Spain;1.8.1;65393,91;30798,11;2,12
55;Sweden;1.8.1;345979,52;69609,00;4,97
56;United Kingdom;1.8.1;34767,30;11516,67;3,02
57;United States;1.8.1;575244,12;174545,08;3,30
58;AT, BE, CZ, DE, DK, EE, ES, FI, FR, HU, IT, LT, LU, LV, NL, RO, SE, SI, SK and UK – Growth Accounts available from 2009;1.9.1;838677,91;195384,85;4,29
59;AT, BE, CZ, DE, DK, ES, FI, FR, IT, NL, SE and UK – Growth Accounts available from 2000;1.9.1;776157,90;180277,24;4,31
60;Austria;1.9.1;45904,65;4428,58;10,37
61;Belgium;1.9.1;9042,33;3281,16;2,76
62;Czechia;1.9.1;286540,90;72645,24;3,94
63;Denmark;1.9.1;250708,60;25704,66;9,75
64;EU12 without UK;1.9.1;735629,01;166852,05;4,41
65;EU20 without UK;1.9.1;798149,02;181959,66;4,39
66;Estonia;1.9.1;1605,51;552,10;2,91
67;Euro area - 19 countries  (from 2015);1.9.1;713521,84;171575,73;4,16
68;European Union - 15 countries (1995-2004);1.9.1;796982,16;191426,61;4,16
69;European Union - 27 countries (from 2020);1.9.1;851701,65;212991,48;4,00
70;European Union - 28 countries (2013-2020);1.9.1;892230,53;226416,67;3,94
71;Finland;1.9.1;21952,76;5374,52;4,08
72;France;1.9.1;107473,95;37796,45;2,84
73;Germany (until 1990 former territory of the FRG);1.9.1;155762,00;24339,47;6,40
74;Greece;1.9.1;20841,25;7909,56;2,63
75;Italy;1.9.1;196692,46;33785,34;5,82
76;Japan;1.9.1;2513076,55;6762068,76;0,37
77;Latvia;1.9.1;9039,97;860,80;10,50
78;Lithuania;1.9.1;4378,15;1001,10;4,37
79;Luxembourg;1.9.1;1835,09;117,27;15,65
80;Netherlands;1.9.1;52133,24;13425,09;3,88
81;Slovakia;1.9.1;10041,77;1342,86;7,48
82;Slovenia;1.9.1;3489,96;813,32;4,29
83;Spain;1.9.1;65393,91;30798,11;2,12
84;Sweden;1.9.1;345979,52;69609,00;4,97
85;United Kingdom;1.9.1;34767,30;11516,67;3,02
86;United States;1.9.1;575244,12;174545,08;3,30
87;AT, BE, CZ, DE, DK, EE, ES, FI, FR, HU, IT, LT, LU, LV, NL, RO, SE, SI, SK and UK – Growth Accounts available from 2009;1.4.1;838677,91;195384,85;4,29
88;AT, BE, CZ, DE, DK, ES, FI, FR, IT, NL, SE and UK – Growth Accounts available from 2000;1.4.1;776157,90;180277,24;4,31
89;Austria;1.4.1;45904,65;4428,58;10,37
90;Belgium;1.4.1;9042,33;3281,16;2,76
91;Czechia;1.4.1;286540,90;72645,24;3,94
92;Denmark;1.4.1;250708,60;25704,66;9,75
93;EU12 without UK;1.4.1;735629,01;166852,05;4,41
94;EU20 without UK;1.4.1;798149,02;181959,66;4,39
95;Estonia;1.4.1;1605,51;552,10;2,91
96;Euro area - 19 countries  (from 2015);1.4.1;713521,84;171575,73;4,16
97;European Union - 15 countries (1995-2004);1.4.1;796982,16;191426,61;4,16
98;European Union - 27 countries (from 2020);1.4.1;851701,65;212991,48;4,00
99;European Union - 28 countries (2013-2020);1.4.1;892230,53;226416,67;3,94
100;Finland;1.4.1;21952,76;5374,52;4,08
101;France;1.4.1;107473,95;37796,45;2,84
102;Germany (until 1990 former territory of the FRG);1.4.1;155762,00;24339,47;6,40
103;Greece;1.4.1;20841,25;7909,56;2,63
104;Italy;1.4.1;196692,46;33785,34;5,82
105;Japan;1.4.1;2513076,55;6762068,76;0,37
106;Latvia;1.4.1;9039,97;860,80;10,50
107;Lithuania;1.4.1;4378,15;1001,10;4,37
108;Luxembourg;1.4.1;1835,09;117,27;15,65
109;Netherlands;1.4.1;52133,24;13425,09;3,88
110;Slovakia;1.4.1;10041,77;1342,86;7,48
111;Slovenia;1.4.1;3489,96;813,32;4,29
112;Spain;1.4.1;65393,91;30798,11;2,12
113;Sweden;1.4.1;345979,52;69609,00;4,97
114;United Kingdom;1.4.1;34767,30;11516,67;3,02
115;United States;1.4.1;575244,12;174545,08;3,30
116;AT, BE, CZ, DE, DK, EE, ES, FI, FR, HU, IT, LT, LU, LV, NL, RO, SE, SI, SK and UK – Growth Accounts available from 2009;1.7.1;838677,91;195384,85;4,29
117;AT, BE, CZ, DE, DK, ES, FI, FR, IT, NL, SE and UK – Growth Accounts available from 2000;1.7.1;776157,90;180277,24;4,31
118;Austria;1.7.1;45904,65;4428,58;10,37
119;Belgium;1.7.1;9042,33;3281,16;2,76
120;Czechia;1.7.1;286540,90;72645,24;3,94
121;Denmark;1.7.1;250708,60;25704,66;9,75
122;EU12 without UK;1.7.1;735629,01;166852,05;4,41
123;EU20 without UK;1.7.1;798149,02;181959,66;4,39
124;Estonia;1.7.1;1605,51;552,10;2,91
125;Euro area - 19 countries  (from 2015);1.7.1;713521,84;171575,73;4,16
126;European Union - 15 countries (1995-2004);1.7.1;796982,16;191426,61;4,16
127;European Union - 27 countries (from 2020);1.7.1;851701,65;212991,48;4,00
128;European Union - 28 countries (2013-2020);1.7.1;892230,53;226416,67;3,94
129;Finland;1.7.1;21952,76;5374,52;4,08
130;France;1.7.1;107473,95;37796,45;2,84
131;Germany (until 1990 former territory of the FRG);1.7.1;155762,00;24339,47;6,40
132;Greece;1.7.1;20841,25;7909,56;2,63
133;Italy;1.7.1;196692,46;33785,34;5,82
134;Japan;1.7.1;2513076,55;6762068,76;0,37
135;Latvia;1.7.1;9039,97;860,80;10,50
136;Lithuania;1.7.1;4378,15;1001,10;4,37
137;Luxembourg;1.7.1;1835,09;117,27;15,65
138;Netherlands;1.7.1;52133,24;13425,09;3,88
139;Slovakia;1.7.1;10041,77;1342,86;7,48
140;Slovenia;1.7.1;3489,96;813,32;4,29
141;Spain;1.7.1;65393,91;30798,11;2,12
142;Sweden;1.7.1;345979,52;69609,00;4,97
143;United Kingdom;1.7.1;34767,30;11516,67;3,02
144;United States;1.7.1;575244,12;174545,08;3,30
145;AT, BE, CZ, DE, DK, EE, ES, FI, FR, HU, IT, LT, LU, LV, NL, RO, SE, SI, SK and UK – Growth Accounts available from 2009;1.11.2;838677,91;195384,85;4,29
146;AT, BE, CZ, DE, DK, ES, FI, FR, IT, NL, SE and UK – Growth Accounts available from 2000;1.11.2;776157,90;180277,24;4,31
147;Austria;1.11.2;45904,65;4428,58;10,37
148;Belgium;1.11.2;9042,33;3281,16;2,76
149;Czechia;1.11.2;286540,90;72645,24;3,94
150;Denmark;1.11.2;250708,60;25704,66;9,75
151;EU12 without UK;1.11.2;735629,01;166852,05;4,41
152;EU20 without UK;1.11.2;798149,02;181959,66;4,39
153;Estonia;1.11.2;1605,51;552,10;2,91
154;Euro area - 19 countries  (from 2015);1.11.2;713521,84;171575,73;4,16
155;European Union - 15 countries (1995-2004);1.11.2;796982,16;191426,61;4,16
156;European Union - 27 countries (from 2020);1.11.2;851701,65;212991,48;4,00
157;European Union - 28 countries (2013-2020);1.11.2;892230,53;226416,67;3,94
158;Finland;1.11.2;21952,76;5374,52;4,08
159;France;1.11.2;107473,95;37796,45;2,84
160;Germany (until 1990 former territory of the FRG);1.11.2;155762,00;24339,47;6,40
161;Greece;1.11.2;20841,25;7909,56;2,63
162;Italy;1.11.2;196692,46;33785,34;5,82
163;Japan;1.11.2;2513076,55;6762068,76;0,37
164;Latvia;1.11.2;9039,97;860,80;10,50
165;Lithuania;1.11.2;4378,15;1001,10;4,37
166;Luxembourg;1.11.2;1835,09;117,27;15,65
167;Netherlands;1.11.2;52133,24;13425,09;3,88
168;Slovakia;1.11.2;10041,77;1342,86;7,48
169;Slovenia;1.11.2;3489,96;813,32;4,29
170;Spain;1.11.2;65393,91;30798,11;2,12
171;Sweden;1.11.2;345979,52;69609,00;4,97
172;United Kingdom;1.11.2;34767,30;11516,67;3,02
173;United States;1.11.2;575244,12;174545,08;3,30
174;AT, BE, CZ, DE, DK, EE, ES, FI, FR, HU, IT, LT, LU, LV, NL, RO, SE, SI, SK and UK – Growth Accounts available from 2009;1.10.1;838677,91;195384,85;4,29
175;AT, BE, CZ, DE, DK, ES, FI, FR, IT, NL, SE and UK – Growth Accounts available from 2000;1.10.1;776157,90;180277,24;4,31
176;Austria;1.10.1;45904,65;4428,58;10,37
177;Belgium;1.10.1;9042,33;3281,16;2,76
178;Czechia;1.10.1;286540,90;72645,24;3,94
179;Denmark;1.10.1;250708,60;25704,66;9,75
180;EU12 without UK;1.10.1;735629,01;166852,05;4,41
181;EU20 without UK;1.10.1;798149,02;181959,66;4,39
182;Estonia;1.10.1;1605,51;552,10;2,91
183;Euro area - 19 countries  (from 2015);1.10.1;713521,84;171575,73;4,16
184;European Union - 15 countries (1995-2004);1.10.1;796982,16;191426,61;4,16
185;European Union - 27 countries (from 2020);1.10.1;851701,65;212991,48;4,00
186;European Union - 28 countries (2013-2020);1.10.1;892230,53;226416,67;3,94
187;Finland;1.10.1;21952,76;5374,52;4,08
188;France;1.10.1;107473,95;37796,45;2,84
189;Germany (until 1990 former territory of the FRG);1.10.1;155762,00;24339,47;6,40
190;Greece;1.10.1;20841,25;7909,56;2,63
191;Italy;1.10.1;196692,46;33785,34;5,82
192;Japan;1.10.1;2513076,55;6762068,76;0,37
193;Latvia;1.10.1;9039,97;860,80;10,50
194;Lithuania;1.10.1;4378,15;1001,10;4,37
195;Luxembourg;1.10.1;1835,09;117,27;15,65
196;Netherlands;1.10.1;52133,24;13425,09;3,88
197;Slovakia;1.10.1;10041,77;1342,86;7,48
198;Slovenia;1.10.1;3489,96;813,32;4,29
199;Spain;1.10.1;65393,91;30798,11;2,12
200;Sweden;1.10.1;345979,52;69609,00;4,97
201;United Kingdom;1.10.1;34767,30;11516,67;3,02
202;United States;1.10.1;575244,12;174545,08;3,30
203;AT, BE, CZ, DE, DK, EE, ES, FI, FR, HU, IT, LT, LU, LV, NL, RO, SE, SI, SK and UK – Growth Accounts available from 2009;1.1.2;838677,91;195384,85;4,29
204;AT, BE, CZ, DE, DK, ES, FI, FR, IT, NL, SE and UK – Growth Accounts available from 2000;1.1.2;776157,90;180277,24;4,31
205;Austria;1.1.2;45904,65;4428,58;10,37
206;Belgium;1.1.2;9042,33;3281,16;2,76
207;Czechia;1.1.2;286540,90;72645,24;3,94
208;Denmark;1.1.2;250708,60;25704,66;9,75
209;EU12 without UK;1.1.2;735629,01;166852,05;4,41
210;EU20 without UK;1.1.2;798149,02;181959,66;4,39
211;Estonia;1.1.2;1605,51;552,10;2,91
212;Euro area - 19 countries  (from 2015);1.1.2;713521,84;171575,73;4,16
213;European Union - 15 countries (1995-2004);1.1.2;796982,16;191426,61;4,16
214;European Union - 27 countries (from 2020);1.1.2;851701,65;212991,48;4,00
215;European Union - 28 countries (2013-2020);1.1.2;892230,53;226416,67;3,94
216;Finland;1.1.2;21952,76;5374,52;4,08
217;France;1.1.2;107473,95;37796,45;2,84
218;Germany (until 1990 former territory of the FRG);1.1.2;155762,00;24339,47;6,40
219;Greece;1.1.2;20841,25;7909,56;2,63
220;Italy;1.1.2;196692,46;33785,34;5,82
221;Japan;1.1.2;2513076,55;6762068,76;0,37
222;Latvia;1.1.2;9039,97;860,80;10,50
223;Lithuania;1.1.2;4378,15;1001,10;4,37
224;Luxembourg;1.1.2;1835,09;117,27;15,65
225;Netherlands;1.1.2;52133,24;13425,09;3,88
226;Slovakia;1.1.2;10041,77;1342,86;7,48
227;Slovenia;1.1.2;3489,96;813,32;4,29
228;Spain;1.1.2;65393,91;30798,11;2,12
229;Sweden;1.1.2;345979,52;69609,00;4,97
230;United Kingdom;1.1.2;34767,30;11516,67;3,02
231;United States;1.1.2;575244,12;174545,08;3,30
232;AT, BE, CZ, DE, DK, EE, ES, FI, FR, HU, IT, LT, LU, LV, NL, RO, SE, SI, SK and UK – Growth Accounts available from 2009;1.10.2;838677,91;195384,85;4,29
233;AT, BE, CZ, DE, DK, ES, FI, FR, IT, NL, SE and UK – Growth Accounts available from 2000;1.10.2;776157,90;180277,24;4,31
234;Austria;1.10.2;45904,65;4428,58;10,37
235;Belgium;1.10.2;9042,33;3281,16;2,76
236;Czechia;1.10.2;286540,90;72645,24;3,94
237;Denmark;1.10.2;250708,60;25704,66;9,75
238;EU12 without UK;1.10.2;735629,01;166852,05;4,41
239;EU20 without UK;1.10.2;798149,02;181959,66;4,39
240;Estonia;1.10.2;1605,51;552,10;2,91
241;Euro area - 19 countries  (from 2015);1.10.2;713521,84;171575,73;4,16
242;European Union - 15 countries (1995-2004);1.10.2;796982,16;191426,61;4,16
243;European Union - 27 countries (from 2020);1.10.2;851701,65;212991,48;4,00
244;European Union - 28 countries (2013-2020);1.10.2;892230,53;226416,67;3,94
245;Finland;1.10.2;21952,76;5374,52;4,08
246;France;1.10.2;107473,95;37796,45;2,84
247;Germany (until 1990 former territory of the FRG);1.10.2;155762,00;24339,47;6,40
248;Greece;1.10.2;20841,25;7909,56;2,63
249;Italy;1.10.2;196692,46;33785,34;5,82
250;Japan;1.10.2;2513076,55;6762068,76;0,37
251;Latvia;1.10.2;9039,97;860,80;10,50
252;Lithuania;1.10.2;4378,15;1001,10;4,37
253;Luxembourg;1.10.2;1835,09;117,27;15,65
254;Netherlands;1.10.2;52133,24;13425,09;3,88
255;Slovakia;1.10.2;10041,77;1342,86;7,48
256;Slovenia;1.10.2;3489,96;813,32;4,29
257;Spain;1.10.2;65393,91;30798,11;2,12
258;Sweden;1.10.2;345979,52;69609,00;4,97
259;United Kingdom;1.10.2;34767,30;11516,67;3,02
260;United States;1.10.2;575244,12;174545,08;3,30
261;AT, BE, CZ, DE, DK, EE, ES, FI, FR, HU, IT, LT, LU, LV, NL, RO, SE, SI, SK and UK – Growth Accounts available from 2009;1.5.1;838677,91;195384,85;4,29
262;AT, BE, CZ, DE, DK, ES, FI, FR, IT, NL, SE and UK – Growth Accounts available from 2000;1.5.1;776157,90;180277,24;4,31
263;Austria;1.5.1;45904,65;4428,58;10,37
264;Belgium;1.5.1;9042,33;3281,16;2,76
265;Czechia;1.5.1;286540,90;72645,24;3,94
266;Denmark;1.5.1;250708,60;25704,66;9,75
267;EU12 without UK;1.5.1;735629,01;166852,05;4,41
268;EU20 without UK;1.5.1;798149,02;181959,66;4,39
269;Estonia;1.5.1;1605,51;552,10;2,91
270;Euro area - 19 countries  (from 2015);1.5.1;713521,84;171575,73;4,16
271;European Union - 15 countries (1995-2004);1.5.1;796982,16;191426,61;4,16
272;European Union - 27 countries (from 2020);1.5.1;851701,65;212991,48;4,00
273;European Union - 28 countries (2013-2020);1.5.1;892230,53;226416,67;3,94
274;Finland;1.5.1;21952,76;5374,52;4,08
275;France;1.5.1;107473,95;37796,45;2,84
276;Germany (until 1990 former territory of the FRG);1.5.1;155762,00;24339,47;6,40
277;Greece;1.5.1;20841,25;7909,56;2,63
278;Italy;1.5.1;196692,46;33785,34;5,82
279;Japan;1.5.1;2513076,55;6762068,76;0,37
280;Latvia;1.5.1;9039,97;860,80;10,50
281;Lithuania;1.5.1;4378,15;1001,10;4,37
282;Luxembourg;1.5.1;1835,09;117,27;15,65
283;Netherlands;1.5.1;52133,24;13425,09;3,88
284;Slovakia;1.5.1;10041,77;1342,86;7,48
285;Slovenia;1.5.1;3489,96;813,32;4,29
286;Spain;1.5.1;65393,91;30798,11;2,12
287;Sweden;1.5.1;345979,52;69609,00;4,97
288;United Kingdom;1.5.1;34767,30;11516,67;3,02
289;United States;1.5.1;575244,12;174545,08;3,30
290;AT, BE, CZ, DE, DK, EE, ES, FI, FR, HU, IT, LT, LU, LV, NL, RO, SE, SI, SK and UK – Growth Accounts available from 2009;1.6.1;838677,91;195384,85;4,29
291;AT, BE, CZ, DE, DK, ES, FI, FR, IT, NL, SE and UK – Growth Accounts available from 2000;1.6.1;776157,90;180277,24;4,31
292;Austria;1.6.1;45904,65;4428,58;10,37
293;Belgium;1.6.1;9042,33;3281,16;2,76
294;Czechia;1.6.1;286540,90;72645,24;3,94
295;Denmark;1.6.1;250708,60;25704,66;9,75
296;EU12 without UK;1.6.1;735629,01;166852,05;4,41
297;EU20 without UK;1.6.1;798149,02;181959,66;4,39
298;Estonia;1.6.1;1605,51;552,10;2,91
299;Euro area - 19 countries  (from 2015);1.6.1;713521,84;171575,73;4,16
300;European Union - 15 countries (1995-2004);1.6.1;796982,16;191426,61;4,16
301;European Union - 27 countries (from 2020);1.6.1;851701,65;212991,48;4,00
302;European Union - 28 countries (2013-2020);1.6.1;892230,53;226416,67;3,94
303;Finland;1.6.1;21952,76;5374,52;4,08
304;France;1.6.1;107473,95;37796,45;2,84
305;Germany (until 1990 former territory of the FRG);1.6.1;155762,00;24339,47;6,40
306;Greece;1.6.1;20841,25;7909,56;2,63
307;Italy;1.6.1;196692,46;33785,34;5,82
308;Japan;1.6.1;2513076,55;6762068,76;0,37
309;Latvia;1.6.1;9039,97;860,80;10,50
310;Lithuania;1.6.1;4378,15;1001,10;4,37
311;Luxembourg;1.6.1;1835,09;117,27;15,65
312;Netherlands;1.6.1;52133,24;13425,09;3,88
313;Slovakia;1.6.1;10041,77;1342,86;7,48
314;Slovenia;1.6.1;3489,96;813,32;4,29
315;Spain;1.6.1;65393,91;30798,11;2,12
316;Sweden;1.6.1;345979,52;69609,00;4,97
317;United Kingdom;1.6.1;34767,30;11516,67;3,02
318;United States;1.6.1;575244,12;174545,08;3,30
319;AT, BE, CZ, DE, DK, EE, ES, FI, FR, HU, IT, LT, LU, LV, NL, RO, SE, SI, SK and UK – Growth Accounts available from 2009;1.3.1;838677,91;195384,85;4,29
320;AT, BE, CZ, DE, DK, ES, FI, FR, IT, NL, SE and UK – Growth Accounts available from 2000;1.3.1;776157,90;180277,24;4,31
321;Austria;1.3.1;45904,65;4428,58;10,37
322;Belgium;1.3.1;9042,33;3281,16;2,76
323;Czechia;1.3.1;286540,90;72645,24;3,94
324;Denmark;1.3.1;250708,60;25704,66;9,75
325;EU12 without UK;1.3.1;735629,01;166852,05;4,41
326;EU20 without UK;1.3.1;798149,02;181959,66;4,39
327;Estonia;1.3.1;1605,51;552,10;2,91
328;Euro area - 19 countries  (from 2015);1.3.1;713521,84;171575,73;4,16
329;European Union - 15 countries (1995-2004);1.3.1;796982,16;191426,61;4,16
330;European Union - 27 countries (from 2020);1.3.1;851701,65;212991,48;4,00
331;European Union - 28 countries (2013-2020);1.3.1;892230,53;226416,67;3,94
332;Finland;1.3.1;21952,76;5374,52;4,08
333;France;1.3.1;107473,95;37796,45;2,84
334;Germany (until 1990 former territory of the FRG);1.3.1;155762,00;24339,47;6,40
335;Greece;1.3.1;20841,25;7909,56;2,63
336;Italy;1.3.1;196692,46;33785,34;5,82
337;Japan;1.3.1;2513076,55;6762068,76;0,37
338;Latvia;1.3.1;9039,97;860,80;10,50
339;Lithuania;1.3.1;4378,15;1001,10;4,37
340;Luxembourg;1.3.1;1835,09;117,27;15,65
341;Netherlands;1.3.1;52133,24;13425,09;3,88
342;Slovakia;1.3.1;10041,77;1342,86;7,48
343;Slovenia;1.3.1;3489,96;813,32;4,29
344;Spain;1.3.1;65393,91;30798,11;2,12
345;Sweden;1.3.1;345979,52;69609,00;4,97
346;United Kingdom;1.3.1;34767,30;11516,67;3,02
347;United States;1.3.1;575244,12;174545,08;3,30
348;AT, BE, CZ, DE, DK, EE, ES, FI, FR, HU, IT, LT, LU, LV, NL, RO, SE, SI, SK and UK – Growth Accounts available from 2009;1.2.3;838677,91;195384,85;4,29
349;AT, BE, CZ, DE, DK, ES, FI, FR, IT, NL, SE and UK – Growth Accounts available from 2000;1.2.3;776157,90;180277,24;4,31
350;Austria;1.2.3;45904,65;4428,58;10,37
351;Belgium;1.2.3;9042,33;3281,16;2,76
352;Czechia;1.2.3;286540,90;72645,24;3,94
353;Denmark;1.2.3;250708,60;25704,66;9,75
354;EU12 without UK;1.2.3;735629,01;166852,05;4,41
355;EU20 without UK;1.2.3;798149,02;181959,66;4,39
356;Estonia;1.2.3;1605,51;552,10;2,91
357;Euro area - 19 countries  (from 2015);1.2.3;713521,84;171575,73;4,16
358;European Union - 15 countries (1995-2004);1.2.3;796982,16;191426,61;4,16
359;European Union - 27 countries (from 2020);1.2.3;851701,65;212991,48;4,00
360;European Union - 28 countries (2013-2020);1.2.3;892230,53;226416,67;3,94
361;Finland;1.2.3;21952,76;5374,52;4,08
362;France;1.2.3;107473,95;37796,45;2,84
363;Germany (until 1990 former territory of the FRG);1.2.3;155762,00;24339,47;6,40
364;Greece;1.2.3;20841,25;7909,56;2,63
365;Italy;1.2.3;196692,46;33785,34;5,82
366;Japan;1.2.3;2513076,55;6762068,76;0,37
367;Latvia;1.2.3;9039,97;860,80;10,50
368;Lithuania;1.2.3;4378,15;1001,10;4,37
369;Luxembourg;1.2.3;1835,09;117,27;15,65
370;Netherlands;1.2.3;52133,24;13425,09;3,88
371;Slovakia;1.2.3;10041,77;1342,86;7,48
372;Slovenia;1.2.3;3489,96;813,32;4,29
373;Spain;1.2.3;65393,91;30798,11;2,12
374;Sweden;1.2.3;345979,52;69609,00;4,97
375;United Kingdom;1.2.3;34767,30;11516,67;3,02
376;United States;1.2.3;575244,12;174545,08;3,30
377;AT, BE, CZ, DE, DK, EE, ES, FI, FR, HU, IT, LT, LU, LV, NL, RO, SE, SI, SK and UK – Growth Accounts available from 2009;1.7.2;838677,91;195384,85;4,29
378;AT, BE, CZ, DE, DK, ES, FI, FR, IT, NL, SE and UK – Growth Accounts available from 2000;1.7.2;776157,90;180277,24;4,31
379;Austria;1.7.2;45904,65;4428,58;10,37
380;Belgium;1.7.2;9042,33;3281,16;2,76
381;Czechia;1.7.2;286540,90;72645,24;3,94
382;Denmark;1.7.2;250708,60;25704,66;9,75
383;EU12 without UK;1.7.2;735629,01;166852,05;4,41
384;EU20 without UK;1.7.2;798149,02;181959,66;4,39
385;Estonia;1.7.2;1605,51;552,10;2,91
386;Euro area - 19 countries  (from 2015);1.7.2;713521,84;171575,73;4,16
387;European Union - 15 countries (1995-2004);1.7.2;796982,16;191426,61;4,16
388;European Union - 27 countries (from 2020);1.7.2;851701,65;212991,48;4,00
389;European Union - 28 countries (2013-2020);1.7.2;892230,53;226416,67;3,94
390;Finland;1.7.2;21952,76;5374,52;4,08
391;France;1.7.2;107473,95;37796,45;2,84
392;Germany (until 1990 former territory of the FRG);1.7.2;155762,00;24339,47;6,40
393;Greece;1.7.2;20841,25;7909,56;2,63
394;Italy;1.7.2;196692,46;33785,34;5,82
395;Japan;1.7.2;2513076,55;6762068,76;0,37
396;Latvia;1.7.2;9039,97;860,80;10,50
397;Lithuania;1.7.2;4378,15;1001,10;4,37
398;Luxembourg;1.7.2;1835,09;117,27;15,65
399;Netherlands;1.7.2;52133,24;13425,09;3,88
400;Slovakia;1.7.2;10041,77;1342,86;7,48
401;Slovenia;1.7.2;3489,96;813,32;4,29
402;Spain;1.7.2;65393,91;30798,11;2,12
403;Sweden;1.7.2;345979,52;69609,00;4,97
404;United Kingdom;1.7.2;34767,30;11516,67;3,02
405;United States;1.7.2;575244,12;174545,08;3,30
406;AT, BE, CZ, DE, DK, EE, ES, FI, FR, HU, IT, LT, LU, LV, NL, RO, SE, SI, SK and UK – Growth Accounts available from 2009;1.1.1;838677,91;195384,85;4,29
407;AT, BE, CZ, DE, DK, ES, FI, FR, IT, NL, SE and UK – Growth Accounts available from 2000;1.1.1;776157,90;180277,24;4,31
408;Austria;1.1.1;45904,65;4428,58;10,37
409;Belgium;1.1.1;9042,33;3281,16;2,76
410;Czechia;1.1.1;286540,90;72645,24;3,94
411;Denmark;1.1.1;250708,60;25704,66;9,75
412;EU12 without UK;1.1.1;735629,01;166852,05;4,41
413;EU20 without UK;1.1.1;798149,02;181959,66;4,39
414;Estonia;1.1.1;1605,51;552,10;2,91
415;Euro area - 19 countries  (from 2015);1.1.1;713521,84;171575,73;4,16
416;European Union - 15 countries (1995-2004);1.1.1;796982,16;191426,61;4,16
417;European Union - 27 countries (from 2020);1.1.1;851701,65;212991,48;4,00
418;European Union - 28 countries (2013-2020);1.1.1;892230,53;226416,67;3,94
419;Finland;1.1.1;21952,76;5374,52;4,08
420;France;1.1.1;107473,95;37796,45;2,84
421;Germany (until 1990 former territory of the FRG);1.1.1;155762,00;24339,47;6,40
422;Greece;1.1.1;20841,25;7909,56;2,63
423;Italy;1.1.1;196692,46;33785,34;5,82
424;Japan;1.1.1;2513076,55;6762068,76;0,37
425;Latvia;1.1.1;9039,97;860,80;10,50
426;Lithuania;1.1.1;4378,15;1001,10;4,37
427;Luxembourg;1.1.1;1835,09;117,27;15,65
428;Netherlands;1.1.1;52133,24;13425,09;3,88
429;Slovakia;1.1.1;10041,77;1342,86;7,48
430;Slovenia;1.1.1;3489,96;813,32;4,29
431;Spain;1.1.1;65393,91;30798,11;2,12
432;Sweden;1.1.1;345979,52;69609,00;4,97
433;United Kingdom;1.1.1;34767,30;11516,67;3,02
434;United States;1.1.1;575244,12;174545,08;3,30
435;AT, BE, CZ, DE, DK, EE, ES, FI, FR, HU, IT, LT, LU, LV, NL, RO, SE, SI, SK and UK – Growth Accounts available from 2009;1.1.3;838677,91;195384,85;4,29
436;AT, BE, CZ, DE, DK, ES, FI, FR, IT, NL, SE and UK – Growth Accounts available from 2000;1.1.3;776157,90;180277,24;4,31
437;Austria;1.1.3;45904,65;4428,58;10,37
438;Belgium;1.1.3;9042,33;3281,16;2,76
439;Czechia;1.1.3;286540,90;72645,24;3,94
440;Denmark;1.1.3;250708,60;25704,66;9,75
441;EU12 without UK;1.1.3;735629,01;166852,05;4,41
442;EU20 without UK;1.1.3;798149,02;181959,66;4,39
443;Estonia;1.1.3;1605,51;552,10;2,91
444;Euro area - 19 countries  (from 2015);1.1.3;713521,84;171575,73;4,16
445;European Union - 15 countries (1995-2004);1.1.3;796982,16;191426,61;4,16
446;European Union - 27 countries (from 2020);1.1.3;851701,65;212991,48;4,00
447;European Union - 28 countries (2013-2020);1.1.3;892230,53;226416,67;3,94
448;Finland;1.1.3;21952,76;5374,52;4,08
449;France;1.1.3;107473,95;37796,45;2,84
450;Germany (until 1990 former territory of the FRG);1.1.3;155762,00;24339,47;6,40
451;Greece;1.1.3;20841,25;7909,56;2,63
452;Italy;1.1.3;196692,46;33785,34;5,82
453;Japan;1.1.3;2513076,55;6762068,76;0,37
454;Latvia;1.1.3;9039,97;860,80;10,50
455;Lithuania;1.1.3;4378,15;1001,10;4,37
456;Luxembourg;1.1.3;1835,09;117,27;15,65
457;Netherlands;1.1.3;52133,24;13425,09;3,88
458;Slovakia;1.1.3;10041,77;1342,86;7,48
459;Slovenia;1.1.3;3489,96;813,32;4,29
460;Spain;1.1.3;65393,91;30798,11;2,12
461;Sweden;1.1.3;345979,52;69609,00;4,97
462;United Kingdom;1.1.3;34767,30;11516,67;3,02
463;United States;1.1.3;575244,12;174545,08;3,30
464;AT, BE, CZ, DE, DK, EE, ES, FI, FR, HU, IT, LT, LU, LV, NL, RO, SE, SI, SK and UK – Growth Accounts available from 2009;1.2.2;838677,91;195384,85;4,29
465;AT, BE, CZ, DE, DK, ES, FI, FR, IT, NL, SE and UK – Growth Accounts available from 2000;1.2.2;776157,90;180277,24;4,31
466;Austria;1.2.2;45904,65;4428,58;10,37
467;Belgium;1.2.2;9042,33;3281,16;2,76
468;Czechia;1.2.2;286540,90;72645,24;3,94
469;Denmark;1.2.2;250708,60;25704,66;9,75
470;EU12 without UK;1.2.2;735629,01;166852,05;4,41
471;EU20 without UK;1.2.2;798149,02;181959,66;4,39
472;Estonia;1.2.2;1605,51;552,10;2,91
473;Euro area - 19 countries  (from 2015);1.2.2;713521,84;171575,73;4,16
474;European Union - 15 countries (1995-2004);1.2.2;796982,16;191426,61;4,16
475;European Union - 27 countries (from 2020);1.2.2;851701,65;212991,48;4,00
476;European Union - 28 countries (2013-2020);1.2.2;892230,53;226416,67;3,94
477;Finland;1.2.2;21952,76;5374,52;4,08
478;France;1.2.2;107473,95;37796,45;2,84
479;Germany (until 1990 former territory of the FRG);1.2.2;155762,00;24339,47;6,40
480;Greece;1.2.2;20841,25;7909,56;2,63
481;Italy;1.2.2;196692,46;33785,34;5,82
482;Japan;1.2.2;2513076,55;6762068,76;0,37
483;Latvia;1.2.2;9039,97;860,80;10,50
484;Lithuania;1.2.2;4378,15;1001,10;4,37
485;Luxembourg;1.2.2;1835,09;117,27;15,65
486;Netherlands;1.2.2;52133,24;13425,09;3,88
487;Slovakia;1.2.2;10041,77;1342,86;7,48
488;Slovenia;1.2.2;3489,96;813,32;4,29
489;Spain;1.2.2;65393,91;30798,11;2,12
490;Sweden;1.2.2;345979,52;69609,00;4,97
491;United Kingdom;1.2.2;34767,30;11516,67;3,02
492;United States;1.2.2;575244,12;174545,08;3,30
493;AT, BE, CZ, DE, DK, EE, ES, FI, FR, HU, IT, LT, LU, LV, NL, RO, SE, SI, SK and UK – Growth Accounts available from 2009;6.1.1;328937,55;92477,50;3,56
494;AT, BE, CZ, DE, DK, ES, FI, FR, IT, NL, SE and UK – Growth Accounts available from 2000;6.1.1;314783,13;89257,42;3,53
495;Austria;6.1.1;3266,76;1388,92;2,35
496;Belgium;6.1.1;981,61;294,41;3,33
497;Czechia;6.1.1;207099,27;53180,74;3,89
498;Denmark;6.1.1;103827,49;57139,30;1,82
499;EU12 without UK;6.1.1;166851,31;53601,91;3,11
500;EU20 without UK;6.1.1;181005,73;56821,99;3,19
501;Estonia;6.1.1;327,36;211,86;1,55
502;Euro area - 19 countries  (from 2015);6.1.1;149671,90;44161,95;3,39
503;European Union - 15 countries (1995-2004);6.1.1;311894,58;89910,32;3,47
504;European Union - 27 countries (from 2020);6.1.1;194508,99;70355,92;2,76
505;European Union - 28 countries (2013-2020);6.1.1;342440,81;106011,43;3,23
506;Finland;6.1.1;2761,07;970,74;2,84
507;France;6.1.1;21555,96;2657,15;8,11
508;Germany (until 1990 former territory of the FRG);6.1.1;17519,46;6124,43;2,86
509;Greece;6.1.1;3165,55;1065,93;2,97
510;Italy;6.1.1;39416,84;5337,91;7,38
511;Japan;6.1.1;216872,46;343315,29;0,63
512;Latvia;6.1.1;211,98;95,30;2,22
513;Lithuania;6.1.1;431,64;109,59;3,94
514;Luxembourg;6.1.1;84,44;35,78;2,36
515;Netherlands;6.1.1;40732,30;20665,52;1,97
516;Slovakia;6.1.1;3688,24;377,43;9,77
517;Slovenia;6.1.1;395,38;164,51;2,40
518;Spain;6.1.1;13463,79;3116,54;4,32
519;Sweden;6.1.1;47886,52;31191,37;1,54
520;United Kingdom;6.1.1;126901,83;30586,72;4,15
521;United States;6.1.1;1858566,13;321928,20;5,77
522;AT, BE, CZ, DE, DK, EE, ES, FI, FR, HU, IT, LT, LU, LV, NL, RO, SE, SI, SK and UK – Growth Accounts available from 2009;3.1.1;376528,87;242204,56;1,55
523;AT, BE, CZ, DE, DK, ES, FI, FR, IT, NL, SE and UK – Growth Accounts available from 2000;3.1.1;369233,12;227800,60;1,62
524;Austria;3.1.1;11687,79;6021,92;1,94
525;Belgium;3.1.1;18539,92;8196,89;2,26
526;Czechia;3.1.1;274894,32;97227,98;2,83
527;Denmark;3.1.1;107443,47;34736,60;3,09
528;EU12 without UK;3.1.1;332791,54;191287,43;1,74
529;EU20 without UK;3.1.1;340087,29;205691,39;1,65
530;Euro area - 19 countries  (from 2015);3.1.1;318349,55;199851,97;1,59
531;European Union - 15 countries (1995-2004);3.1.1;372214,28;242284,53;1,54
532;European Union - 27 countries (from 2020);3.1.1;354803,69;239516,74;1,48
533;European Union - 28 countries (2013-2020);3.1.1;391245,27;276029,91;1,42
534;Finland;3.1.1;5870,52;3090,56;1,90
535;France;3.1.1;47814,49;43750,82;1,09
536;Germany (until 1990 former territory of the FRG);3.1.1;60384,57;44046,06;1,37
537;Greece;3.1.1;6200,72;6105,30;1,02
538;Italy;3.1.1;63386,32;30157,09;2,10
539;Japan;3.1.1;2517456,58;15102730,04;0,17
540;Latvia;3.1.1;1867,80;598,15;3,12
541;Luxembourg;3.1.1;737,03;335,51;2,20
542;Netherlands;3.1.1;30473,35;13492,41;2,26
543;Slovakia;3.1.1;4706,46;1034,63;4,55
544;Spain;3.1.1;59780,46;28987,71;2,06
545;Sweden;3.1.1;91125,99;48012,89;1,90
546;United Kingdom;3.1.1;31261,05;31322,46;1,00
547;United States;3.1.1;336635,81;226388,98;1,49
548;AT, BE, CZ, DE, DK, EE, ES, FI, FR, HU, IT, LT, LU, LV, NL, RO, SE, SI, SK and UK – Growth Accounts available from 2009;3.2.1;2714962,85;1666512,37;1,63
549;AT, BE, CZ, DE, DK, ES, FI, FR, IT, NL, SE and UK – Growth Accounts available from 2000;3.2.1;2659716,58;1594525,20;1,67
550;Austria;3.2.1;96653,21;51560,83;1,87
551;Belgium;3.2.1;114872,63;49005,95;2,34
552;Czechia;3.2.1;2208601,05;891103,40;2,48
553;Denmark;3.2.1;415141,04;199097,12;2,09
554;EU12 without UK;3.2.1;2439536,29;1420406,54;1,72
555;EU20 without UK;3.2.1;2494782,46;1492393,71;1,67
556;Euro area - 19 countries  (from 2015);3.2.1;2293885,70;1396250,48;1,64
557;European Union - 15 countries (1995-2004);3.2.1;2623518,58;1624322,97;1,62
558;European Union - 27 countries (from 2020);3.2.1;2549035,79;1622251,59;1,57
559;European Union - 28 countries (2013-2020);3.2.1;2769216,18;1796370,24;1,54
560;Finland;3.2.1;67883,63;34612,60;1,96
561;France;3.2.1;321787,67;199590,76;1,61
562;Germany (until 1990 former territory of the FRG);3.2.1;776987,75;552411,55;1,41
563;Greece;3.2.1;20115,43;14681,39;1,37
564;Italy;3.2.1;472441,32;240605,55;1,96
565;Japan;3.2.1;38404273,30;107174328,51;0,36
566;Latvia;3.2.1;5692,91;1938,89;2,94
567;Luxembourg;3.2.1;3098,59;1025,78;3,02
568;Netherlands;3.2.1;149843,05;65534,71;2,29
569;Slovakia;3.2.1;46502,09;13566,69;3,43
570;Spain;3.2.1;190115,08;115399,33;1,65
571;Sweden;3.2.1;1009583,84;474074,11;2,13
572;United Kingdom;3.2.1;188879,50;149365,95;1,26
573;United States;3.2.1;3367987,79;1805679,45;1,87
574;AT, BE, CZ, DE, DK, EE, ES, FI, FR, HU, IT, LT, LU, LV, NL, RO, SE, SI, SK and UK – Growth Accounts available from 2009;7.1.2;1206813,72;253475,92;4,76
575;AT, BE, CZ, DE, DK, ES, FI, FR, IT, NL, SE and UK – Growth Accounts available from 2000;7.1.2;1114383,06;238705,10;4,67
576;Austria;7.1.2;31661,15;6789,43;4,66
577;Belgium;7.1.2;28200,01;7557,16;3,73
578;Czechia;7.1.2;979529,73;172183,17;5,69
579;Denmark;7.1.2;273567,06;34068,18;8,03
580;EU12 without UK;7.1.2;995372,21;206638,54;4,82
581;EU20 without UK;7.1.2;1087802,87;221409,37;4,91
582;Estonia;7.1.2;3376,70;590,12;5,72
583;Euro area - 19 countries  (from 2015);7.1.2;964079,53;199161,49;4,84
584;European Union - 15 countries (1995-2004);7.1.2;1131730,17;243127,19;4,65
585;European Union - 27 countries (from 2020);7.1.2;1184498,47;247929,90;4,78
586;European Union - 28 countries (2013-2020);7.1.2;1303509,44;279996,46;4,66
587;Finland;7.1.2;24495,36;4969,46;4,93
588;France;7.1.2;119526,77;30374,15;3,94
589;Germany (until 1990 former territory of the FRG);7.1.2;217849,50;64703,32;3,37
590;Greece;7.1.2;18758,87;3959,62;4,74
591;Italy;7.1.2;266745,97;28735,69;9,28
592;Japan;7.1.2;7396065,14;8612677,62;0,86
593;Latvia;7.1.2;5497,70;623,66;8,82
594;Lithuania;7.1.2;4573,01;957,40;4,78
595;Luxembourg;7.1.2;3951,71;354,76;11,14
596;Netherlands;7.1.2;52995,33;9121,69;5,81
597;Slovakia;7.1.2;45081,05;2661,40;16,94
598;Slovenia;7.1.2;7290,50;974,76;7,48
599;Spain;7.1.2;106684,32;30548,93;3,49
600;Sweden;7.1.2;684195,44;118779,22;5,76
601;United Kingdom;7.1.2;102092,34;27507,97;3,71
602;AT, BE, CZ, DE, DK, EE, ES, FI, FR, HU, IT, LT, LU, LV, NL, RO, SE, SI, SK and UK – Growth Accounts available from 2009;7.1.3;1206813,72;253475,92;4,76
603;AT, BE, CZ, DE, DK, ES, FI, FR, IT, NL, SE and UK – Growth Accounts available from 2000;7.1.3;1114383,06;238705,10;4,67
604;Austria;7.1.3;31661,15;6789,43;4,66
605;Belgium;7.1.3;28200,01;7557,16;3,73
606;Czechia;7.1.3;979529,73;172183,17;5,69
607;Denmark;7.1.3;273567,06;34068,18;8,03
608;EU12 without UK;7.1.3;995372,21;206638,54;4,82
609;EU20 without UK;7.1.3;1087802,87;221409,37;4,91
610;Estonia;7.1.3;3376,70;590,12;5,72
611;Euro area - 19 countries  (from 2015);7.1.3;964079,53;199161,49;4,84
612;European Union - 15 countries (1995-2004);7.1.3;1131730,17;243127,19;4,65
613;European Union - 27 countries (from 2020);7.1.3;1184498,47;247929,90;4,78
614;European Union - 28 countries (2013-2020);7.1.3;1303509,44;279996,46;4,66
615;Finland;7.1.3;24495,36;4969,46;4,93
616;France;7.1.3;119526,77;30374,15;3,94
617;Germany (until 1990 former territory of the FRG);7.1.3;217849,50;64703,32;3,37
618;Greece;7.1.3;18758,87;3959,62;4,74
619;Italy;7.1.3;266745,97;28735,69;9,28
620;Japan;7.1.3;7396065,14;8612677,62;0,86
621;Latvia;7.1.3;5497,70;623,66;8,82
622;Lithuania;7.1.3;4573,01;957,40;4,78
623;Luxembourg;7.1.3;3951,71;354,76;11,14
624;Netherlands;7.1.3;52995,33;9121,69;5,81
625;Slovakia;7.1.3;45081,05;2661,40;16,94
626;Slovenia;7.1.3;7290,50;974,76;7,48
627;Spain;7.1.3;106684,32;30548,93;3,49
628;Sweden;7.1.3;684195,44;118779,22;5,76
629;United Kingdom;7.1.3;102092,34;27507,97;3,71
630;AT, BE, CZ, DE, DK, EE, ES, FI, FR, HU, IT, LT, LU, LV, NL, RO, SE, SI, SK and UK – Growth Accounts available from 2009;7.1.1;1206813,72;253475,92;4,76
631;AT, BE, CZ, DE, DK, ES, FI, FR, IT, NL, SE and UK – Growth Accounts available from 2000;7.1.1;1114383,06;238705,10;4,67
632;Austria;7.1.1;31661,15;6789,43;4,66
633;Belgium;7.1.1;28200,01;7557,16;3,73
634;Czechia;7.1.1;979529,73;172183,17;5,69
635;Denmark;7.1.1;273567,06;34068,18;8,03
636;EU12 without UK;7.1.1;995372,21;206638,54;4,82
637;EU20 without UK;7.1.1;1087802,87;221409,37;4,91
638;Estonia;7.1.1;3376,70;590,12;5,72
639;Euro area - 19 countries  (from 2015);7.1.1;964079,53;199161,49;4,84
640;European Union - 15 countries (1995-2004);7.1.1;1131730,17;243127,19;4,65
641;European Union - 27 countries (from 2020);7.1.1;1184498,47;247929,90;4,78
642;European Union - 28 countries (2013-2020);7.1.1;1303509,44;279996,46;4,66
643;Finland;7.1.1;24495,36;4969,46;4,93
644;France;7.1.1;119526,77;30374,15;3,94
645;Germany (until 1990 former territory of the FRG);7.1.1;217849,50;64703,32;3,37
646;Greece;7.1.1;18758,87;3959,62;4,74
647;Italy;7.1.1;266745,97;28735,69;9,28
648;Japan;7.1.1;7396065,14;8612677,62;0,86
649;Latvia;7.1.1;5497,70;623,66;8,82
650;Lithuania;7.1.1;4573,01;957,40;4,78
651;Luxembourg;7.1.1;3951,71;354,76;11,14
652;Netherlands;7.1.1;52995,33;9121,69;5,81
653;Slovakia;7.1.1;45081,05;2661,40;16,94
654;Slovenia;7.1.1;7290,50;974,76;7,48
655;Spain;7.1.1;106684,32;30548,93;3,49
656;Sweden;7.1.1;684195,44;118779,22;5,76
657;United Kingdom;7.1.1;102092,34;27507,97;3,71
658;AT, BE, CZ, DE, DK, EE, ES, FI, FR, HU, IT, LT, LU, LV, NL, RO, SE, SI, SK and UK – Growth Accounts available from 2009;7.2.1;841412,43;123027,86;6,84
659;AT, BE, CZ, DE, DK, ES, FI, FR, IT, NL, SE and UK – Growth Accounts available from 2000;7.2.1;806062,16;118143,06;6,82
660;Austria;7.2.1;36927,38;3246,56;11,37
661;Belgium;7.2.1;16425,31;3625,77;4,53
662;Czechia;7.2.1;398575,69;49425,31;8,06
663;Denmark;7.2.1;136099,16;14893,02;9,14
664;EU12 without UK;7.2.1;644939,18;90192,72;7,15
665;EU20 without UK;7.2.1;680289,45;95077,52;7,16
666;Estonia;7.2.1;1099,94;166,16;6,62
667;Euro area - 19 countries  (from 2015);7.2.1;630921,43;91824,98;6,87
668;European Union - 15 countries (1995-2004);7.2.1;816565,49;122454,16;6,67
669;European Union - 27 countries (from 2020);7.2.1;735361,58;107086,43;6,87
670;European Union - 28 countries (2013-2020);7.2.1;896484,55;135036,77;6,64
671;Finland;7.2.1;10176,29;1806,86;5,63
672;France;7.2.1;70014,07;16455,42;4,25
673;Germany (until 1990 former territory of the FRG);7.2.1;306072,71;27809,12;11,01
674;Greece;7.2.1;6915,43;2920,74;2,37
675;Italy;7.2.1;51987,98;14928,68;3,48
676;Japan;7.2.1;3179554,53;7620945,09;0,42
677;Latvia;7.2.1;2810,91;186,59;15,06
678;Lithuania;7.2.1;1992,03;263,23;7,57
679;Luxembourg;7.2.1;2324,35;264,53;8,79
680;Netherlands;7.2.1;20626,55;4199,47;4,91
681;Slovakia;7.2.1;11600,04;731,01;15,87
682;Slovenia;7.2.1;3338,56;363,26;9,19
683;Spain;7.2.1;73262,87;11935,91;6,14
684;Sweden;7.2.1;242315,33;21271,35;11,39
685;United Kingdom;7.2.1;138217,73;23976,92;5,76
686;AT, BE, CZ, DE, DK, EE, ES, FI, FR, HU, IT, LT, LU, LV, NL, RO, SE, SI, SK and UK – Growth Accounts available from 2009;5.1.1;665505,27;722868,91;0,92
687;AT, BE, CZ, DE, DK, ES, FI, FR, IT, NL, SE and UK – Growth Accounts available from 2000;5.1.1;619153,53;693319,46;0,89
688;Austria;5.1.1;38248,40;20222,19;1,89
689;Belgium;5.1.1;32009,65;20926,63;1,53
690;Czechia;5.1.1;340777,41;301012,31;1,13
691;Denmark;5.1.1;64427,05;81477,59;0,79
692;EU12 without UK;5.1.1;560353,56;579722,94;0,97
693;EU20 without UK;5.1.1;606705,30;609272,38;1,00
694;Estonia;5.1.1;1351,37;886,19;1,52
695;Euro area - 19 countries  (from 2015);5.1.1;558299,54;573363,32;0,97
696;European Union - 15 countries (1995-2004);5.1.1;631373,22;708062,10;0,89
697;European Union - 27 countries (from 2020);5.1.1;642201,67;673794,17;0,95
698;European Union - 28 countries (2013-2020);5.1.1;701001,62;787390,69;0,89
699;Finland;5.1.1;5356,81;12670,46;0,42
700;France;5.1.1;56470,88;127677,72;0,44
701;Germany (until 1990 former territory of the FRG);5.1.1;53484,25;118008,06;0,45
702;Greece;5.1.1;8385,60;10707,48;0,78
703;Italy;5.1.1;78797,54;96307,31;0,82
704;Japan;5.1.1;2781267,48;27516208,19;0,10
705;Latvia;5.1.1;3004,23;924,81;3,25
706;Lithuania;5.1.1;3938,01;1739,07;2,26
707;Luxembourg;5.1.1;1371,91;2280,07;0,60
708;Netherlands;5.1.1;23079,39;35648,29;0,65
709;Slovakia;5.1.1;3185,62;6292,36;0,51
710;Slovenia;5.1.1;2926,76;2374,07;1,23
711;Spain;5.1.1;232831,78;103404,38;2,25
712;Sweden;5.1.1;171154,56;209935,92;0,82
713;United Kingdom;5.1.1;50440,93;97447,64;0,52
714;United States;5.1.1;310827,23;611616,34;0,51
715;AT, BE, CZ, DE, DK, EE, ES, FI, FR, HU, IT, LT, LU, LV, NL, RO, SE, SI, SK and UK – Growth Accounts available from 2009;2.2.1;244786,76;627712,37;0,39
716;AT, BE, CZ, DE, DK, ES, FI, FR, IT, NL, SE and UK – Growth Accounts available from 2000;2.2.1;235458,75;606691,83;0,39
717;Austria;2.2.1;23657,83;20550,03;1,15
718;Czechia;2.2.1;335950,85;218875,75;1,53
719;Denmark;2.2.1;118009,59;141040,22;0,84
720;EU12 without UK;2.2.1;184638,00;528246,95;0,35
721;EU20 without UK;2.2.1;193966,00;549267,49;0,35
722;Euro area - 19 countries  (from 2015);2.2.1;154836,26;527603,11;0,29
723;European Union - 15 countries (1995-2004);2.2.1;235555,06;635995,27;0,37
724;European Union - 27 countries (from 2020);2.2.1;207925,38;619633,81;0,34
725;European Union - 28 countries (2013-2020);2.2.1;258746,20;698078,68;0,37
726;Finland;2.2.1;7401,04;8076,55;0,92
727;Germany (until 1990 former territory of the FRG);2.2.1;103107,96;126552,27;0,81
728;Greece;2.2.1;11341,41;14568,73;0,78
729;Japan;2.2.1;4037072,54;48426577,28;0,08
730;Latvia;2.2.1;2255,15;1349,12;1,67
731;Luxembourg;2.2.1;2041,99;2608,14;0,78
732;Slovakia;2.2.1;5049,64;5637,99;0,90
733;Sweden;2.2.1;203507,99;213987,78;0,95
734;United Kingdom;2.2.1;43596,12;67293,15;0,65
735;United States;2.2.1;578569,69;848633,91;0,68
736;AT, BE, CZ, DE, DK, EE, ES, FI, FR, HU, IT, LT, LU, LV, NL, RO, SE, SI, SK and UK – Growth Accounts available from 2009;2.1.1;244786,76;627712,37;0,39
737;AT, BE, CZ, DE, DK, ES, FI, FR, IT, NL, SE and UK – Growth Accounts available from 2000;2.1.1;235458,75;606691,83;0,39
738;Austria;2.1.1;23657,83;20550,03;1,15
739;Czechia;2.1.1;335950,85;218875,75;1,53
740;Denmark;2.1.1;118009,59;141040,22;0,84
741;EU12 without UK;2.1.1;184638,00;528246,95;0,35
742;EU20 without UK;2.1.1;193966,00;549267,49;0,35
743;Euro area - 19 countries  (from 2015);2.1.1;154836,26;527603,11;0,29
744;European Union - 15 countries (1995-2004);2.1.1;235555,06;635995,27;0,37
745;European Union - 27 countries (from 2020);2.1.1;207925,38;619633,81;0,34
746;European Union - 28 countries (2013-2020);2.1.1;258746,20;698078,68;0,37
747;Finland;2.1.1;7401,04;8076,55;0,92
748;Germany (until 1990 former territory of the FRG);2.1.1;103107,96;126552,27;0,81
749;Greece;2.1.1;11341,41;14568,73;0,78
750;Japan;2.1.1;4037072,54;48426577,28;0,08
751;Latvia;2.1.1;2255,15;1349,12;1,67
752;Luxembourg;2.1.1;2041,99;2608,14;0,78
753;Slovakia;2.1.1;5049,64;5637,99;0,90
754;Sweden;2.1.1;203507,99;213987,78;0,95
755;United Kingdom;2.1.1;43596,12;67293,15;0,65
756;United States;2.1.1;578569,69;848633,91;0,68
757;AT, BE, CZ, DE, DK, EE, ES, FI, FR, HU, IT, LT, LU, LV, NL, RO, SE, SI, SK and UK – Growth Accounts available from 2009;2.1.2;291868,99;553495,89;0,53
758;AT, BE, CZ, DE, DK, ES, FI, FR, IT, NL, SE and UK – Growth Accounts available from 2000;2.1.2;281517,21;536323,33;0,52
759;Austria;2.1.2;19500,16;15253,33;1,28
760;Czechia;2.1.2;372099,87;176094,49;2,11
761;Denmark;2.1.2;71126,64;63315,70;1,12
762;EU12 without UK;2.1.2;154412,94;426840,26;0,36
763;EU20 without UK;2.1.2;164764,65;444012,83;0,37
764;Euro area - 19 countries  (from 2015);2.1.2;134881,59;439075,60;0,31
765;European Union - 15 countries (1995-2004);2.1.2;279121,51;561789,09;0,50
766;European Union - 27 countries (from 2020);2.1.2;177669,62;510030,81;0,35
767;European Union - 28 countries (2013-2020);2.1.2;304773,93;619513,87;0,49
768;Finland;2.1.2;6525,95;7047,94;0,93
769;Germany (until 1990 former territory of the FRG);2.1.2;87577,22;95123,52;0,92
770;Greece;2.1.2;10926,55;12315,11;0,89
771;Japan;2.1.2;4944884,75;33091989,25;0,15
772;Latvia;2.1.2;1981,05;1402,74;1,41
773;Luxembourg;2.1.2;1394,47;1503,00;0,93
774;Slovakia;2.1.2;6992,67;3678,44;1,90
775;Sweden;2.1.2;157767,26;136210,11;1,16
776;United Kingdom;2.1.2;109035,17;93918,95;1,16
777;United States;2.1.2;1335209,61;795018,58;1,68
778;AT, BE, CZ, DE, DK, EE, ES, FI, FR, HU, IT, LT, LU, LV, NL, RO, SE, SI, SK and UK – Growth Accounts available from 2009;2.2.2;291868,99;553495,89;0,53
779;AT, BE, CZ, DE, DK, ES, FI, FR, IT, NL, SE and UK – Growth Accounts available from 2000;2.2.2;281517,21;536323,33;0,52
780;Austria;2.2.2;19500,16;15253,33;1,28
781;Czechia;2.2.2;372099,87;176094,49;2,11
782;Denmark;2.2.2;71126,64;63315,70;1,12
783;EU12 without UK;2.2.2;154412,94;426840,26;0,36
784;EU20 without UK;2.2.2;164764,65;444012,83;0,37
785;Euro area - 19 countries  (from 2015);2.2.2;134881,59;439075,60;0,31
786;European Union - 15 countries (1995-2004);2.2.2;279121,51;561789,09;0,50
787;European Union - 27 countries (from 2020);2.2.2;177669,62;510030,81;0,35
788;European Union - 28 countries (2013-2020);2.2.2;304773,93;619513,87;0,49
789;Finland;2.2.2;6525,95;7047,94;0,93
790;Germany (until 1990 former territory of the FRG);2.2.2;87577,22;95123,52;0,92
791;Greece;2.2.2;10926,55;12315,11;0,89
792;Japan;2.2.2;4944884,75;33091989,25;0,15
793;Latvia;2.2.2;1981,05;1402,74;1,41
794;Luxembourg;2.2.2;1394,47;1503,00;0,93
795;Slovakia;2.2.2;6992,67;3678,44;1,90
796;Sweden;2.2.2;157767,26;136210,11;1,16
797;United Kingdom;2.2.2;109035,17;93918,95;1,16
798;United States;2.2.2;1335209,61;795018,58;1,68
799;AT, BE, CZ, DE, DK, EE, ES, FI, FR, HU, IT, LT, LU, LV, NL, RO, SE, SI, SK and UK – Growth Accounts available from 2009;10.1.2;943530,04;558948,88;1,69
800;AT, BE, CZ, DE, DK, ES, FI, FR, IT, NL, SE and UK – Growth Accounts available from 2000;10.1.2;915855,53;532055,30;1,72
801;Austria;10.1.2;95883,70;17210,29;5,57
802;Czechia;10.1.2;1724727,38;260431,17;6,62
803;Denmark;10.1.2;337949,27;74775,68;4,52
804;EU12 without UK;10.1.2;630629,45;456779,50;1,38
805;EU20 without UK;10.1.2;658303,78;483673,08;1,36
806;Euro area - 19 countries  (from 2015);10.1.2;549407,74;461775,56;1,19
807;European Union - 15 countries (1995-2004);10.1.2;878507,36;546515,66;1,61
808;European Union - 27 countries (from 2020);10.1.2;689587,89;531613,65;1,30
809;European Union - 28 countries (2013-2020);10.1.2;974814,16;606889,45;1,61
810;Finland;10.1.2;15103,23;9192,55;1,64
811;Germany (until 1990 former territory of the FRG);10.1.2;382380,07;114674,23;3,33
812;Greece;10.1.2;28366,41;8433,31;3,36
813;Japan;10.1.2;8787383,82;27097872,77;0,32
814;Latvia;10.1.2;6925,83;1898,86;3,65
815;Luxembourg;10.1.2;2499,61;1107,62;2,26
816;Slovakia;10.1.2;18306,57;3409,53;5,37
817;Sweden;10.1.2;225743,00;97683,83;2,31
818;United Kingdom;10.1.2;244678,42;64574,59;3,79
819;United States;10.1.2;1241809,10;464705,60;2,67
820;AT, BE, CZ, DE, DK, EE, ES, FI, FR, HU, IT, LT, LU, LV, NL, RO, SE, SI, SK and UK – Growth Accounts available from 2009;10.1.1;105460,22;32802,69;3,21
821;AT, BE, CZ, DE, DK, ES, FI, FR, IT, NL, SE and UK – Growth Accounts available from 2000;10.1.1;104394,96;32173,13;3,24
822;Austria;10.1.1;195,33;38,03;5,14
823;Czechia;10.1.1;3299,59;276,34;11,94
824;Denmark;10.1.1;163273,01;33294,65;4,90
825;EU12 without UK;10.1.1;94076,89;26245,23;3,58
826;EU20 without UK;10.1.1;95142,15;26874,78;3,54
827;Euro area - 19 countries  (from 2015);10.1.1;100177,34;30539,71;3,28
828;European Union - 15 countries (1995-2004);10.1.1;137621,71;40790,84;3,37
829;European Union - 27 countries (from 2020);10.1.1;128551,08;37026,73;3,47
830;European Union - 28 countries (2013-2020);10.1.1;138869,14;42954,63;3,23
831;Finland;10.1.1;3324,39;682,59;4,87
832;Germany (until 1990 former territory of the FRG);10.1.1;62235,12;9044,93;6,88
833;Greece;10.1.1;33357,24;8382,53;3,98
834;Japan;10.1.1;727481,55;2487895,61;0,29
835;Latvia;10.1.1;847,33;72,27;11,72
836;Slovakia;10.1.1;224,97;17,36;12,96
837;Sweden;10.1.1;59777,56;8913,84;6,71
838;United Kingdom;10.1.1;8851,25;5085,19;1,74
839;United States;10.1.1;51267,60;16651,46;3,08
840;AT, BE, CZ, DE, DK, EE, ES, FI, FR, HU, IT, LT, LU, LV, NL, RO, SE, SI, SK and UK – Growth Accounts available from 2009;8.1.1;5699451,51;4248926,09;1,34
841;AT, BE, CZ, DE, DK, ES, FI, FR, IT, NL, SE and UK – Growth Accounts available from 2000;8.1.1;5494610,33;4137175,34;1,33
842;Austria;8.1.1;208751,66;100182,38;2,08
843;Belgium;8.1.1;185916,72;83653,03;2,22
844;Czechia;8.1.1;3219802,79;1052968,56;3,06
845;Denmark;8.1.1;1062422,55;656212,73;1,62
846;EU12 without UK;8.1.1;4841647,92;3393620,31;1,43
847;EU20 without UK;8.1.1;5046489,03;3505371,06;1,44
848;Estonia;8.1.1;8241,41;4011,35;2,05
849;Euro area - 19 countries  (from 2015);8.1.1;4715825,53;3363550,50;1,40
850;European Union - 15 countries (1995-2004);8.1.1;5619347,45;4298778,57;1,31
851;European Union - 27 countries (from 2020);8.1.1;5373152,72;3821377,37;1,41
852;European Union - 28 countries (2013-2020);8.1.1;6026115,40;4564932,39;1,32
853;Finland;8.1.1;81566,17;63413,71;1,29
854;France;8.1.1;776475,23;804039,89;0,97
855;Germany (until 1990 former territory of the FRG);8.1.1;1721843,48;874966,83;1,97
856;Greece;8.1.1;88977,60;65467,04;1,36
857;Italy;8.1.1;626280,13;546640,93;1,15
858;Japan;8.1.1;25049135,01;128758407,34;0,19
859;Latvia;8.1.1;13513,78;4694,06;2,88
860;Lithuania;8.1.1;11126,01;6476,00;1,72
861;Luxembourg;8.1.1;18717,89;12641,17;1,48
862;Netherlands;8.1.1;258631,40;248312,22;1,04
863;Slovakia;8.1.1;35716,08;17977,43;1,99
864;Slovenia;8.1.1;19735,52;11128,13;1,77
865;Spain;8.1.1;525278,87;396385,02;1,33
866;Sweden;8.1.1;1782523,29;1394987,16;1,28
867;United Kingdom;8.1.1;560137,35;637851,25;0,88
868;United States;8.1.1;7449090,23;5434516,46;1,37
869;AT, BE, CZ, DE, DK, EE, ES, FI, FR, HU, IT, LT, LU, LV, NL, RO, SE, SI, SK and UK – Growth Accounts available from 2009;4.1.1;637029,14;698863,79;0,91
870;AT, BE, CZ, DE, DK, ES, FI, FR, IT, NL, SE and UK – Growth Accounts available from 2000;4.1.1;612352,17;672477,58;0,91
871;Austria;4.1.1;21686,34;14305,02;1,52
872;Belgium;4.1.1;31247,58;22643,50;1,38
873;Czechia;4.1.1;237833,61;197553,61;1,20
874;Denmark;4.1.1;84312,34;114149,88;0,74
875;EU12 without UK;4.1.1;516174,50;512122,78;1,01
876;EU20 without UK;4.1.1;540851,59;538508,99;1,00
877;Estonia;4.1.1;373,89;766,91;0,49
878;Euro area - 19 countries  (from 2015);4.1.1;517235,90;536219,76;0,96
879;European Union - 15 countries (1995-2004);4.1.1;632507,65;720650,53;0,88
880;European Union - 27 countries (from 2020);4.1.1;573769,39;607760,51;0,94
881;European Union - 28 countries (2013-2020);4.1.1;669947,08;768115,31;0,87
882;Finland;4.1.1;2115,09;5512,70;0,38
883;France;4.1.1;89966,30;96334,00;0,93
884;Germany (until 1990 former territory of the FRG);4.1.1;155287,25;136066,04;1,14
885;Greece;4.1.1;4496,60;11026,22;0,41
886;Italy;4.1.1;119086,63;89380,07;1,33
887;Japan;4.1.1;3247497,35;28480668,94;0,11
888;Latvia;4.1.1;1271,06;633,82;2,01
889;Lithuania;4.1.1;1056,95;842,37;1,25
890;Luxembourg;4.1.1;5373,11;12052,59;0,45
891;Netherlands;4.1.1;31532,67;60097,59;0,52
892;Slovakia;4.1.1;3593,29;2492,76;1,44
893;Slovenia;4.1.1;2419,66;2008,33;1,20
894;Spain;4.1.1;29787,88;48750,98;0,61
895;Sweden;4.1.1;140552,48;151564,88;0,93
896;United Kingdom;4.1.1;82505,02;137558,76;0,60
897;United States;4.1.1;1360901,27;1133243,95;1,20
898;AT, BE, CZ, DE, DK, EE, ES, FI, FR, HU, IT, LT, LU, LV, NL, RO, SE, SI, SK and UK – Growth Accounts available from 2009;9.1.1;22506819,68;1397784,35;16,10
899;AT, BE, CZ, DE, DK, ES, FI, FR, IT, NL, SE and UK – Growth Accounts available from 2000;9.1.1;22020601,85;1357978,74;16,22
900;Austria;9.1.1;645954,13;28403,61;22,74
901;Belgium;9.1.1;589816,51;32309,26;18,26
902;Czechia;9.1.1;6203421,77;390001,96;15,91
903;Denmark;9.1.1;3157453,23;183281,78;17,23
904;EU12 without UK;9.1.1;19908051,50;1119381,44;17,78
905;EU20 without UK;9.1.1;20394269,33;1159187,05;17,59
906;Estonia;9.1.1;23971,72;1467,22;16,34
907;Euro area - 19 countries  (from 2015);9.1.1;19985449,37;1136593,92;17,58
908;European Union - 15 countries (1995-2004);9.1.1;22809845,22;1417539,43;16,09
909;European Union - 27 countries (from 2020);9.1.1;21660735,61;1263505,41;17,14
910;European Union - 28 countries (2013-2020);9.1.1;23773285,96;1502102,72;15,83
911;Finland;9.1.1;361231,55;21798,06;16,57
912;France;9.1.1;4985190,43;268739,19;18,55
913;Germany (until 1990 former territory of the FRG);9.1.1;5122328,78;309261,28;16,56
914;Greece;9.1.1;420819,32;39715,38;10,60
915;Italy;9.1.1;3270382,13;218005,38;15,00
916;Japan;9.1.1;34521495,65;70296014,87;0,49
917;Latvia;9.1.1;33350,16;1906,89;17,49
918;Lithuania;9.1.1;30250,62;1963,45;15,41
919;Luxembourg;9.1.1;32793,22;3499,88;9,37
920;Netherlands;9.1.1;1198299,19;41730,21;28,72
921;Slovakia;9.1.1;112814,93;7242,79;15,58
922;Slovenia;9.1.1;47348,84;2999,15;15,79
923;Spain;9.1.1;2530628,32;126417,64;20,02
924;Sweden;9.1.1;5101476,66;311692,87;16,37
925;United Kingdom;9.1.1;1812230,20;204678,31;8,85
926;United States;9.1.1;19934437,73;1853271,91;10,76
927;AT, BE, CZ, DE, DK, EE, ES, FI, FR, HU, IT, LT, LU, LV, NL, RO, SE, SI, SK and UK – Growth Accounts available from 2009;1.11.1;731344,47;498021,70;1,47
928;AT, BE, CZ, DE, DK, ES, FI, FR, IT, NL, SE and UK – Growth Accounts available from 2000;1.11.1;714690,40;486121,54;1,47
929;Austria;1.11.1;34074,91;12663,14;2,69
930;Czechia;1.11.1;147257,94;83478,13;1,76
931;Denmark;1.11.1;70701,54;46665,42;1,52
932;EU12 without UK;1.11.1;650100,27;403889,47;1,61
933;EU20 without UK;1.11.1;666754,33;415789,64;1,60
934;Estonia;1.11.1;667,59;509,35;1,31
935;Euro area - 19 countries  (from 2015);1.11.1;688126,77;406802,31;1,69
936;European Union - 15 countries (1995-2004);1.11.1;766726,53;503242,76;1,52
937;European Union - 27 countries (from 2020);1.11.1;728202,58;444503,45;1,64
938;European Union - 28 countries (2013-2020);1.11.1;792792,85;526735,51;1,51
939;Finland;1.11.1;3681,04;6235,44;0,59
940;France;1.11.1;78519,30;112045,42;0,70
941;Germany (until 1990 former territory of the FRG);1.11.1;330135,84;124988,68;2,64
942;Greece;1.11.1;8473,70;3891,48;2,18
943;Italy;1.11.1;76305,72;49137,39;1,55
944;Latvia;1.11.1;1143,75;542,18;2,11
945;Lithuania;1.11.1;1811,23;639,37;2,83
946;Luxembourg;1.11.1;2750,68;1245,67;2,21
947;Netherlands;1.11.1;35144,03;37527,19;0,94
948;Slovakia;1.11.1;1839,22;2222,08;0,83
949;Slovenia;1.11.1;385,46;991,53;0,39
950;Spain;1.11.1;37323,28;39266,74;0,95
951;Sweden;1.11.1;99268,67;118813,47;0,84
952;United Kingdom;1.11.1;55408,02;70541,96;0,79
953;United States;1.11.1;590639,05;624016,36;0,95
954;AT, BE, CZ, DE, DK, EE, ES, FI, FR, HU, IT, LT, LU, LV, NL, RO, SE, SI, SK and UK – Growth Accounts available from 2009;8.1.2;4306554,34;842041,49;5,11
955;AT, BE, CZ, DE, DK, ES, FI, FR, IT, NL, SE and UK – Growth Accounts available from 2000;8.1.2;4043595,46;813541,33;4,97
956;Austria;8.1.2;73023,73;16994,64;4,30
957;Belgium;8.1.2;55989,76;29849,69;1,88
958;Czechia;8.1.2;2567220,32;279546,10;9,18
959;Denmark;8.1.2;393623,25;110014,18;3,58
960;EU12 without UK;8.1.2;3678566,35;700578,07;5,25
961;EU20 without UK;8.1.2;3941524,03;729078,23;5,41
962;Estonia;8.1.2;4149,28;1145,29;3,62
963;Euro area - 19 countries  (from 2015);8.1.2;3751937,48;717944,87;5,23
964;European Union - 15 countries (1995-2004);8.1.2;4207722,09;852149,30;4,94
965;European Union - 27 countries (from 2020);8.1.2;4235272,39;808397,89;5,24
966;European Union - 28 countries (2013-2020);8.1.2;4600301,53;921361,15;4,99
967;Finland;8.1.2;68386,71;12070,54;5,67
968;France;8.1.2;820254,39;173686,52;4,72
969;Germany (until 1990 former territory of the FRG);8.1.2;748458,26;173492,85;4,31
970;Greece;8.1.2;115975,87;23640,82;4,91
971;Italy;8.1.2;818761,78;122189,82;6,70
972;Japan;8.1.2;17019198,49;31019231,04;0,55
973;Latvia;8.1.2;10381,18;1462,61;7,10
974;Lithuania;8.1.2;19810,16;2008,33;9,86
975;Luxembourg;8.1.2;17631,30;2465,24;7,15
976;Netherlands;8.1.2;345537,84;50118,53;6,89
977;Slovakia;8.1.2;51906,02;5422,47;9,57
978;Slovenia;8.1.2;13392,85;2459,57;5,45
979;Spain;8.1.2;463087,66;77194,27;6,00
980;Sweden;8.1.2;1246296,72;182664,14;6,82
981;United Kingdom;8.1.2;313137,17;96904,40;3,23
