;Country;Sector;Value_RM;Value_GVA;Value_norm_RM
0;AT, BE, CZ, DE, DK, EE, ES, FI, FR, HU, IT, LT, LU, LV, NL, RO, SE, SI, SK and UK – Growth Accounts available from 2009;1.10.1;295330,20;237439,19;1,24
1;AT, BE, CZ, DE, DK, ES, FI, FR, IT, NL, SE and UK – Growth Accounts available from 2000;1.10.1;267781,85;214758,12;1,25
2;Austria;1.10.1;6691,29;5162,54;1,30
3;Belgium;1.10.1;8911,84;3073,67;2,90
4;Bulgaria;1.10.1;6537,41;4367,64;1,50
5;Croatia;1.10.1;14730,16;13640,02;1,08
6;Cyprus;1.10.1;493,99;432,47;1,14
7;Czechia;1.10.1;192356,23;123723,88;1,55
8;Denmark;1.10.1;69392,89;27604,81;2,51
9;EU12 without UK;1.10.1;240303,98;198492,98;1,21
10;EU20 without UK;1.10.1;267852,33;221174,05;1,21
11;Estonia;1.10.1;1612,83;582,56;2,77
12;Euro area - 19 countries  (from 2015);1.10.1;241863,26;204944,38;1,18
13;European Union - 15 countries (1995-2004);1.10.1;282217,11;226228,23;1,25
14;European Union - 27 countries (from 2020);1.10.1;320179,27;256253,54;1,25
15;European Union - 28 countries (2013-2020);1.10.1;347657,15;272518,68;1,28
16;Finland;1.10.1;5974,45;6580,28;0,91
17;France;1.10.1;62258,74;46031,24;1,35
18;Germany (until 1990 former territory of the FRG);1.10.1;39919,81;26345,91;1,52
19;Greece;1.10.1;7623,06;7765,96;0,98
20;Hungary;1.10.1;2172772,07;1767564,14;1,23
21;Ireland;1.10.1;7961,29;3432,44;2,32
22;Italy;1.10.1;31429,81;40673,96;0,77
23;Japan;1.10.1;8457467,13;8345446,51;1,01
24;Latvia;1.10.1;2250,90;1237,29;1,82
25;Lithuania;1.10.1;2706,39;1547,88;1,75
26;Luxembourg;1.10.1;374,72;161,08;2,33
27;Malta;1.10.1;372,47;111,13;3,35
28;Netherlands;1.10.1;22771,16;15087,87;1,51
29;Poland;1.10.1;97838,54;58588,33;1,67
30;Portugal;1.10.1;5976,34;4934,74;1,21
31;Romania;1.10.1;52685,45;48687,57;1,08
32;Slovakia;1.10.1;2857,44;2515,43;1,14
33;Slovenia;1.10.1;1224,89;1215,08;1,01
34;Spain;1.10.1;31676,74;39267,92;0,81
35;Sweden;1.10.1;142175,11;79416,83;1,79
36;United Kingdom;1.10.1;24309,95;14389,93;1,69
37;United States;1.10.1;327242,49;211627,05;1,55
38;AT, BE, CZ, DE, DK, EE, ES, FI, FR, HU, IT, LT, LU, LV, NL, RO, SE, SI, SK and UK – Growth Accounts available from 2009;1.4.1;295330,20;237439,19;1,24
39;AT, BE, CZ, DE, DK, ES, FI, FR, IT, NL, SE and UK – Growth Accounts available from 2000;1.4.1;267781,85;214758,12;1,25
40;Austria;1.4.1;6691,29;5162,54;1,30
41;Belgium;1.4.1;8911,84;3073,67;2,90
42;Bulgaria;1.4.1;6537,41;4367,64;1,50
43;Croatia;1.4.1;14730,16;13640,02;1,08
44;Cyprus;1.4.1;493,99;432,47;1,14
45;Czechia;1.4.1;192356,23;123723,88;1,55
46;Denmark;1.4.1;69392,89;27604,81;2,51
47;EU12 without UK;1.4.1;240303,98;198492,98;1,21
48;EU20 without UK;1.4.1;267852,33;221174,05;1,21
49;Estonia;1.4.1;1612,83;582,56;2,77
50;Euro area - 19 countries  (from 2015);1.4.1;241863,26;204944,38;1,18
51;European Union - 15 countries (1995-2004);1.4.1;282217,11;226228,23;1,25
52;European Union - 27 countries (from 2020);1.4.1;320179,27;256253,54;1,25
53;European Union - 28 countries (2013-2020);1.4.1;347657,15;272518,68;1,28
54;Finland;1.4.1;5974,45;6580,28;0,91
55;France;1.4.1;62258,74;46031,24;1,35
56;Germany (until 1990 former territory of the FRG);1.4.1;39919,81;26345,91;1,52
57;Greece;1.4.1;7623,06;7765,96;0,98
58;Hungary;1.4.1;2172772,07;1767564,14;1,23
59;Ireland;1.4.1;7961,29;3432,44;2,32
60;Italy;1.4.1;31429,81;40673,96;0,77
61;Japan;1.4.1;8457467,13;8345446,51;1,01
62;Latvia;1.4.1;2250,90;1237,29;1,82
63;Lithuania;1.4.1;2706,39;1547,88;1,75
64;Luxembourg;1.4.1;374,72;161,08;2,33
65;Malta;1.4.1;372,47;111,13;3,35
66;Netherlands;1.4.1;22771,16;15087,87;1,51
67;Poland;1.4.1;97838,54;58588,33;1,67
68;Portugal;1.4.1;5976,34;4934,74;1,21
69;Romania;1.4.1;52685,45;48687,57;1,08
70;Slovakia;1.4.1;2857,44;2515,43;1,14
71;Slovenia;1.4.1;1224,89;1215,08;1,01
72;Spain;1.4.1;31676,74;39267,92;0,81
73;Sweden;1.4.1;142175,11;79416,83;1,79
74;United Kingdom;1.4.1;24309,95;14389,93;1,69
75;United States;1.4.1;327242,49;211627,05;1,55
76;AT, BE, CZ, DE, DK, EE, ES, FI, FR, HU, IT, LT, LU, LV, NL, RO, SE, SI, SK and UK – Growth Accounts available from 2009;1.7.2;295330,20;237439,19;1,24
77;AT, BE, CZ, DE, DK, ES, FI, FR, IT, NL, SE and UK – Growth Accounts available from 2000;1.7.2;267781,85;214758,12;1,25
78;Austria;1.7.2;6691,29;5162,54;1,30
79;Belgium;1.7.2;8911,84;3073,67;2,90
80;Bulgaria;1.7.2;6537,41;4367,64;1,50
81;Croatia;1.7.2;14730,16;13640,02;1,08
82;Cyprus;1.7.2;493,99;432,47;1,14
83;Czechia;1.7.2;192356,23;123723,88;1,55
84;Denmark;1.7.2;69392,89;27604,81;2,51
85;EU12 without UK;1.7.2;240303,98;198492,98;1,21
86;EU20 without UK;1.7.2;267852,33;221174,05;1,21
87;Estonia;1.7.2;1612,83;582,56;2,77
88;Euro area - 19 countries  (from 2015);1.7.2;241863,26;204944,38;1,18
89;European Union - 15 countries (1995-2004);1.7.2;282217,11;226228,23;1,25
90;European Union - 27 countries (from 2020);1.7.2;320179,27;256253,54;1,25
91;European Union - 28 countries (2013-2020);1.7.2;347657,15;272518,68;1,28
92;Finland;1.7.2;5974,45;6580,28;0,91
93;France;1.7.2;62258,74;46031,24;1,35
94;Germany (until 1990 former territory of the FRG);1.7.2;39919,81;26345,91;1,52
95;Greece;1.7.2;7623,06;7765,96;0,98
96;Hungary;1.7.2;2172772,07;1767564,14;1,23
97;Ireland;1.7.2;7961,29;3432,44;2,32
98;Italy;1.7.2;31429,81;40673,96;0,77
99;Japan;1.7.2;8457467,13;8345446,51;1,01
100;Latvia;1.7.2;2250,90;1237,29;1,82
101;Lithuania;1.7.2;2706,39;1547,88;1,75
102;Luxembourg;1.7.2;374,72;161,08;2,33
103;Malta;1.7.2;372,47;111,13;3,35
104;Netherlands;1.7.2;22771,16;15087,87;1,51
105;Poland;1.7.2;97838,54;58588,33;1,67
106;Portugal;1.7.2;5976,34;4934,74;1,21
107;Romania;1.7.2;52685,45;48687,57;1,08
108;Slovakia;1.7.2;2857,44;2515,43;1,14
109;Slovenia;1.7.2;1224,89;1215,08;1,01
110;Spain;1.7.2;31676,74;39267,92;0,81
111;Sweden;1.7.2;142175,11;79416,83;1,79
112;United Kingdom;1.7.2;24309,95;14389,93;1,69
113;United States;1.7.2;327242,49;211627,05;1,55
114;AT, BE, CZ, DE, DK, EE, ES, FI, FR, HU, IT, LT, LU, LV, NL, RO, SE, SI, SK and UK – Growth Accounts available from 2009;1.1.1;295330,20;237439,19;1,24
115;AT, BE, CZ, DE, DK, ES, FI, FR, IT, NL, SE and UK – Growth Accounts available from 2000;1.1.1;267781,85;214758,12;1,25
116;Austria;1.1.1;6691,29;5162,54;1,30
117;Belgium;1.1.1;8911,84;3073,67;2,90
118;Bulgaria;1.1.1;6537,41;4367,64;1,50
119;Croatia;1.1.1;14730,16;13640,02;1,08
120;Cyprus;1.1.1;493,99;432,47;1,14
121;Czechia;1.1.1;192356,23;123723,88;1,55
122;Denmark;1.1.1;69392,89;27604,81;2,51
123;EU12 without UK;1.1.1;240303,98;198492,98;1,21
124;EU20 without UK;1.1.1;267852,33;221174,05;1,21
125;Estonia;1.1.1;1612,83;582,56;2,77
126;Euro area - 19 countries  (from 2015);1.1.1;241863,26;204944,38;1,18
127;European Union - 15 countries (1995-2004);1.1.1;282217,11;226228,23;1,25
128;European Union - 27 countries (from 2020);1.1.1;320179,27;256253,54;1,25
129;European Union - 28 countries (2013-2020);1.1.1;347657,15;272518,68;1,28
130;Finland;1.1.1;5974,45;6580,28;0,91
131;France;1.1.1;62258,74;46031,24;1,35
132;Germany (until 1990 former territory of the FRG);1.1.1;39919,81;26345,91;1,52
133;Greece;1.1.1;7623,06;7765,96;0,98
134;Hungary;1.1.1;2172772,07;1767564,14;1,23
135;Ireland;1.1.1;7961,29;3432,44;2,32
136;Italy;1.1.1;31429,81;40673,96;0,77
137;Japan;1.1.1;8457467,13;8345446,51;1,01
138;Latvia;1.1.1;2250,90;1237,29;1,82
139;Lithuania;1.1.1;2706,39;1547,88;1,75
140;Luxembourg;1.1.1;374,72;161,08;2,33
141;Malta;1.1.1;372,47;111,13;3,35
142;Netherlands;1.1.1;22771,16;15087,87;1,51
143;Poland;1.1.1;97838,54;58588,33;1,67
144;Portugal;1.1.1;5976,34;4934,74;1,21
145;Romania;1.1.1;52685,45;48687,57;1,08
146;Slovakia;1.1.1;2857,44;2515,43;1,14
147;Slovenia;1.1.1;1224,89;1215,08;1,01
148;Spain;1.1.1;31676,74;39267,92;0,81
149;Sweden;1.1.1;142175,11;79416,83;1,79
150;United Kingdom;1.1.1;24309,95;14389,93;1,69
151;United States;1.1.1;327242,49;211627,05;1,55
152;AT, BE, CZ, DE, DK, EE, ES, FI, FR, HU, IT, LT, LU, LV, NL, RO, SE, SI, SK and UK – Growth Accounts available from 2009;1.10.2;295330,20;237439,19;1,24
153;AT, BE, CZ, DE, DK, ES, FI, FR, IT, NL, SE and UK – Growth Accounts available from 2000;1.10.2;267781,85;214758,12;1,25
154;Austria;1.10.2;6691,29;5162,54;1,30
155;Belgium;1.10.2;8911,84;3073,67;2,90
156;Bulgaria;1.10.2;6537,41;4367,64;1,50
157;Croatia;1.10.2;14730,16;13640,02;1,08
158;Cyprus;1.10.2;493,99;432,47;1,14
159;Czechia;1.10.2;192356,23;123723,88;1,55
160;Denmark;1.10.2;69392,89;27604,81;2,51
161;EU12 without UK;1.10.2;240303,98;198492,98;1,21
162;EU20 without UK;1.10.2;267852,33;221174,05;1,21
163;Estonia;1.10.2;1612,83;582,56;2,77
164;Euro area - 19 countries  (from 2015);1.10.2;241863,26;204944,38;1,18
165;European Union - 15 countries (1995-2004);1.10.2;282217,11;226228,23;1,25
166;European Union - 27 countries (from 2020);1.10.2;320179,27;256253,54;1,25
167;European Union - 28 countries (2013-2020);1.10.2;347657,15;272518,68;1,28
168;Finland;1.10.2;5974,45;6580,28;0,91
169;France;1.10.2;62258,74;46031,24;1,35
170;Germany (until 1990 former territory of the FRG);1.10.2;39919,81;26345,91;1,52
171;Greece;1.10.2;7623,06;7765,96;0,98
172;Hungary;1.10.2;2172772,07;1767564,14;1,23
173;Ireland;1.10.2;7961,29;3432,44;2,32
174;Italy;1.10.2;31429,81;40673,96;0,77
175;Japan;1.10.2;8457467,13;8345446,51;1,01
176;Latvia;1.10.2;2250,90;1237,29;1,82
177;Lithuania;1.10.2;2706,39;1547,88;1,75
178;Luxembourg;1.10.2;374,72;161,08;2,33
179;Malta;1.10.2;372,47;111,13;3,35
180;Netherlands;1.10.2;22771,16;15087,87;1,51
181;Poland;1.10.2;97838,54;58588,33;1,67
182;Portugal;1.10.2;5976,34;4934,74;1,21
183;Romania;1.10.2;52685,45;48687,57;1,08
184;Slovakia;1.10.2;2857,44;2515,43;1,14
185;Slovenia;1.10.2;1224,89;1215,08;1,01
186;Spain;1.10.2;31676,74;39267,92;0,81
187;Sweden;1.10.2;142175,11;79416,83;1,79
188;United Kingdom;1.10.2;24309,95;14389,93;1,69
189;United States;1.10.2;327242,49;211627,05;1,55
190;AT, BE, CZ, DE, DK, EE, ES, FI, FR, HU, IT, LT, LU, LV, NL, RO, SE, SI, SK and UK – Growth Accounts available from 2009;1.3.1;295330,20;237439,19;1,24
191;AT, BE, CZ, DE, DK, ES, FI, FR, IT, NL, SE and UK – Growth Accounts available from 2000;1.3.1;267781,85;214758,12;1,25
192;Austria;1.3.1;6691,29;5162,54;1,30
193;Belgium;1.3.1;8911,84;3073,67;2,90
194;Bulgaria;1.3.1;6537,41;4367,64;1,50
195;Croatia;1.3.1;14730,16;13640,02;1,08
196;Cyprus;1.3.1;493,99;432,47;1,14
197;Czechia;1.3.1;192356,23;123723,88;1,55
198;Denmark;1.3.1;69392,89;27604,81;2,51
199;EU12 without UK;1.3.1;240303,98;198492,98;1,21
200;EU20 without UK;1.3.1;267852,33;221174,05;1,21
201;Estonia;1.3.1;1612,83;582,56;2,77
202;Euro area - 19 countries  (from 2015);1.3.1;241863,26;204944,38;1,18
203;European Union - 15 countries (1995-2004);1.3.1;282217,11;226228,23;1,25
204;European Union - 27 countries (from 2020);1.3.1;320179,27;256253,54;1,25
205;European Union - 28 countries (2013-2020);1.3.1;347657,15;272518,68;1,28
206;Finland;1.3.1;5974,45;6580,28;0,91
207;France;1.3.1;62258,74;46031,24;1,35
208;Germany (until 1990 former territory of the FRG);1.3.1;39919,81;26345,91;1,52
209;Greece;1.3.1;7623,06;7765,96;0,98
210;Hungary;1.3.1;2172772,07;1767564,14;1,23
211;Ireland;1.3.1;7961,29;3432,44;2,32
212;Italy;1.3.1;31429,81;40673,96;0,77
213;Japan;1.3.1;8457467,13;8345446,51;1,01
214;Latvia;1.3.1;2250,90;1237,29;1,82
215;Lithuania;1.3.1;2706,39;1547,88;1,75
216;Luxembourg;1.3.1;374,72;161,08;2,33
217;Malta;1.3.1;372,47;111,13;3,35
218;Netherlands;1.3.1;22771,16;15087,87;1,51
219;Poland;1.3.1;97838,54;58588,33;1,67
220;Portugal;1.3.1;5976,34;4934,74;1,21
221;Romania;1.3.1;52685,45;48687,57;1,08
222;Slovakia;1.3.1;2857,44;2515,43;1,14
223;Slovenia;1.3.1;1224,89;1215,08;1,01
224;Spain;1.3.1;31676,74;39267,92;0,81
225;Sweden;1.3.1;142175,11;79416,83;1,79
226;United Kingdom;1.3.1;24309,95;14389,93;1,69
227;United States;1.3.1;327242,49;211627,05;1,55
228;AT, BE, CZ, DE, DK, EE, ES, FI, FR, HU, IT, LT, LU, LV, NL, RO, SE, SI, SK and UK – Growth Accounts available from 2009;1.1.2;295330,20;237439,19;1,24
229;AT, BE, CZ, DE, DK, ES, FI, FR, IT, NL, SE and UK – Growth Accounts available from 2000;1.1.2;267781,85;214758,12;1,25
230;Austria;1.1.2;6691,29;5162,54;1,30
231;Belgium;1.1.2;8911,84;3073,67;2,90
232;Bulgaria;1.1.2;6537,41;4367,64;1,50
233;Croatia;1.1.2;14730,16;13640,02;1,08
234;Cyprus;1.1.2;493,99;432,47;1,14
235;Czechia;1.1.2;192356,23;123723,88;1,55
236;Denmark;1.1.2;69392,89;27604,81;2,51
237;EU12 without UK;1.1.2;240303,98;198492,98;1,21
238;EU20 without UK;1.1.2;267852,33;221174,05;1,21
239;Estonia;1.1.2;1612,83;582,56;2,77
240;Euro area - 19 countries  (from 2015);1.1.2;241863,26;204944,38;1,18
241;European Union - 15 countries (1995-2004);1.1.2;282217,11;226228,23;1,25
242;European Union - 27 countries (from 2020);1.1.2;320179,27;256253,54;1,25
243;European Union - 28 countries (2013-2020);1.1.2;347657,15;272518,68;1,28
244;Finland;1.1.2;5974,45;6580,28;0,91
245;France;1.1.2;62258,74;46031,24;1,35
246;Germany (until 1990 former territory of the FRG);1.1.2;39919,81;26345,91;1,52
247;Greece;1.1.2;7623,06;7765,96;0,98
248;Hungary;1.1.2;2172772,07;1767564,14;1,23
249;Ireland;1.1.2;7961,29;3432,44;2,32
250;Italy;1.1.2;31429,81;40673,96;0,77
251;Japan;1.1.2;8457467,13;8345446,51;1,01
252;Latvia;1.1.2;2250,90;1237,29;1,82
253;Lithuania;1.1.2;2706,39;1547,88;1,75
254;Luxembourg;1.1.2;374,72;161,08;2,33
255;Malta;1.1.2;372,47;111,13;3,35
256;Netherlands;1.1.2;22771,16;15087,87;1,51
257;Poland;1.1.2;97838,54;58588,33;1,67
258;Portugal;1.1.2;5976,34;4934,74;1,21
259;Romania;1.1.2;52685,45;48687,57;1,08
260;Slovakia;1.1.2;2857,44;2515,43;1,14
261;Slovenia;1.1.2;1224,89;1215,08;1,01
262;Spain;1.1.2;31676,74;39267,92;0,81
263;Sweden;1.1.2;142175,11;79416,83;1,79
264;United Kingdom;1.1.2;24309,95;14389,93;1,69
265;United States;1.1.2;327242,49;211627,05;1,55
266;AT, BE, CZ, DE, DK, EE, ES, FI, FR, HU, IT, LT, LU, LV, NL, RO, SE, SI, SK and UK – Growth Accounts available from 2009;1.6.1;295330,20;237439,19;1,24
267;AT, BE, CZ, DE, DK, ES, FI, FR, IT, NL, SE and UK – Growth Accounts available from 2000;1.6.1;267781,85;214758,12;1,25
268;Austria;1.6.1;6691,29;5162,54;1,30
269;Belgium;1.6.1;8911,84;3073,67;2,90
270;Bulgaria;1.6.1;6537,41;4367,64;1,50
271;Croatia;1.6.1;14730,16;13640,02;1,08
272;Cyprus;1.6.1;493,99;432,47;1,14
273;Czechia;1.6.1;192356,23;123723,88;1,55
274;Denmark;1.6.1;69392,89;27604,81;2,51
275;EU12 without UK;1.6.1;240303,98;198492,98;1,21
276;EU20 without UK;1.6.1;267852,33;221174,05;1,21
277;Estonia;1.6.1;1612,83;582,56;2,77
278;Euro area - 19 countries  (from 2015);1.6.1;241863,26;204944,38;1,18
279;European Union - 15 countries (1995-2004);1.6.1;282217,11;226228,23;1,25
280;European Union - 27 countries (from 2020);1.6.1;320179,27;256253,54;1,25
281;European Union - 28 countries (2013-2020);1.6.1;347657,15;272518,68;1,28
282;Finland;1.6.1;5974,45;6580,28;0,91
283;France;1.6.1;62258,74;46031,24;1,35
284;Germany (until 1990 former territory of the FRG);1.6.1;39919,81;26345,91;1,52
285;Greece;1.6.1;7623,06;7765,96;0,98
286;Hungary;1.6.1;2172772,07;1767564,14;1,23
287;Ireland;1.6.1;7961,29;3432,44;2,32
288;Italy;1.6.1;31429,81;40673,96;0,77
289;Japan;1.6.1;8457467,13;8345446,51;1,01
290;Latvia;1.6.1;2250,90;1237,29;1,82
291;Lithuania;1.6.1;2706,39;1547,88;1,75
292;Luxembourg;1.6.1;374,72;161,08;2,33
293;Malta;1.6.1;372,47;111,13;3,35
294;Netherlands;1.6.1;22771,16;15087,87;1,51
295;Poland;1.6.1;97838,54;58588,33;1,67
296;Portugal;1.6.1;5976,34;4934,74;1,21
297;Romania;1.6.1;52685,45;48687,57;1,08
298;Slovakia;1.6.1;2857,44;2515,43;1,14
299;Slovenia;1.6.1;1224,89;1215,08;1,01
300;Spain;1.6.1;31676,74;39267,92;0,81
301;Sweden;1.6.1;142175,11;79416,83;1,79
302;United Kingdom;1.6.1;24309,95;14389,93;1,69
303;United States;1.6.1;327242,49;211627,05;1,55
304;AT, BE, CZ, DE, DK, EE, ES, FI, FR, HU, IT, LT, LU, LV, NL, RO, SE, SI, SK and UK – Growth Accounts available from 2009;1.9.1;295330,20;237439,19;1,24
305;AT, BE, CZ, DE, DK, ES, FI, FR, IT, NL, SE and UK – Growth Accounts available from 2000;1.9.1;267781,85;214758,12;1,25
306;Austria;1.9.1;6691,29;5162,54;1,30
307;Belgium;1.9.1;8911,84;3073,67;2,90
308;Bulgaria;1.9.1;6537,41;4367,64;1,50
309;Croatia;1.9.1;14730,16;13640,02;1,08
310;Cyprus;1.9.1;493,99;432,47;1,14
311;Czechia;1.9.1;192356,23;123723,88;1,55
312;Denmark;1.9.1;69392,89;27604,81;2,51
313;EU12 without UK;1.9.1;240303,98;198492,98;1,21
314;EU20 without UK;1.9.1;267852,33;221174,05;1,21
315;Estonia;1.9.1;1612,83;582,56;2,77
316;Euro area - 19 countries  (from 2015);1.9.1;241863,26;204944,38;1,18
317;European Union - 15 countries (1995-2004);1.9.1;282217,11;226228,23;1,25
318;European Union - 27 countries (from 2020);1.9.1;320179,27;256253,54;1,25
319;European Union - 28 countries (2013-2020);1.9.1;347657,15;272518,68;1,28
320;Finland;1.9.1;5974,45;6580,28;0,91
321;France;1.9.1;62258,74;46031,24;1,35
322;Germany (until 1990 former territory of the FRG);1.9.1;39919,81;26345,91;1,52
323;Greece;1.9.1;7623,06;7765,96;0,98
324;Hungary;1.9.1;2172772,07;1767564,14;1,23
325;Ireland;1.9.1;7961,29;3432,44;2,32
326;Italy;1.9.1;31429,81;40673,96;0,77
327;Japan;1.9.1;8457467,13;8345446,51;1,01
328;Latvia;1.9.1;2250,90;1237,29;1,82
329;Lithuania;1.9.1;2706,39;1547,88;1,75
330;Luxembourg;1.9.1;374,72;161,08;2,33
331;Malta;1.9.1;372,47;111,13;3,35
332;Netherlands;1.9.1;22771,16;15087,87;1,51
333;Poland;1.9.1;97838,54;58588,33;1,67
334;Portugal;1.9.1;5976,34;4934,74;1,21
335;Romania;1.9.1;52685,45;48687,57;1,08
336;Slovakia;1.9.1;2857,44;2515,43;1,14
337;Slovenia;1.9.1;1224,89;1215,08;1,01
338;Spain;1.9.1;31676,74;39267,92;0,81
339;Sweden;1.9.1;142175,11;79416,83;1,79
340;United Kingdom;1.9.1;24309,95;14389,93;1,69
341;United States;1.9.1;327242,49;211627,05;1,55
342;AT, BE, CZ, DE, DK, EE, ES, FI, FR, HU, IT, LT, LU, LV, NL, RO, SE, SI, SK and UK – Growth Accounts available from 2009;1.2.2;295330,20;237439,19;1,24
343;AT, BE, CZ, DE, DK, ES, FI, FR, IT, NL, SE and UK – Growth Accounts available from 2000;1.2.2;267781,85;214758,12;1,25
344;Austria;1.2.2;6691,29;5162,54;1,30
345;Belgium;1.2.2;8911,84;3073,67;2,90
346;Bulgaria;1.2.2;6537,41;4367,64;1,50
347;Croatia;1.2.2;14730,16;13640,02;1,08
348;Cyprus;1.2.2;493,99;432,47;1,14
349;Czechia;1.2.2;192356,23;123723,88;1,55
350;Denmark;1.2.2;69392,89;27604,81;2,51
351;EU12 without UK;1.2.2;240303,98;198492,98;1,21
352;EU20 without UK;1.2.2;267852,33;221174,05;1,21
353;Estonia;1.2.2;1612,83;582,56;2,77
354;Euro area - 19 countries  (from 2015);1.2.2;241863,26;204944,38;1,18
355;European Union - 15 countries (1995-2004);1.2.2;282217,11;226228,23;1,25
356;European Union - 27 countries (from 2020);1.2.2;320179,27;256253,54;1,25
357;European Union - 28 countries (2013-2020);1.2.2;347657,15;272518,68;1,28
358;Finland;1.2.2;5974,45;6580,28;0,91
359;France;1.2.2;62258,74;46031,24;1,35
360;Germany (until 1990 former territory of the FRG);1.2.2;39919,81;26345,91;1,52
361;Greece;1.2.2;7623,06;7765,96;0,98
362;Hungary;1.2.2;2172772,07;1767564,14;1,23
363;Ireland;1.2.2;7961,29;3432,44;2,32
364;Italy;1.2.2;31429,81;40673,96;0,77
365;Japan;1.2.2;8457467,13;8345446,51;1,01
366;Latvia;1.2.2;2250,90;1237,29;1,82
367;Lithuania;1.2.2;2706,39;1547,88;1,75
368;Luxembourg;1.2.2;374,72;161,08;2,33
369;Malta;1.2.2;372,47;111,13;3,35
370;Netherlands;1.2.2;22771,16;15087,87;1,51
371;Poland;1.2.2;97838,54;58588,33;1,67
372;Portugal;1.2.2;5976,34;4934,74;1,21
373;Romania;1.2.2;52685,45;48687,57;1,08
374;Slovakia;1.2.2;2857,44;2515,43;1,14
375;Slovenia;1.2.2;1224,89;1215,08;1,01
376;Spain;1.2.2;31676,74;39267,92;0,81
377;Sweden;1.2.2;142175,11;79416,83;1,79
378;United Kingdom;1.2.2;24309,95;14389,93;1,69
379;United States;1.2.2;327242,49;211627,05;1,55
380;AT, BE, CZ, DE, DK, EE, ES, FI, FR, HU, IT, LT, LU, LV, NL, RO, SE, SI, SK and UK – Growth Accounts available from 2009;1.5.1;295330,20;237439,19;1,24
381;AT, BE, CZ, DE, DK, ES, FI, FR, IT, NL, SE and UK – Growth Accounts available from 2000;1.5.1;267781,85;214758,12;1,25
382;Austria;1.5.1;6691,29;5162,54;1,30
383;Belgium;1.5.1;8911,84;3073,67;2,90
384;Bulgaria;1.5.1;6537,41;4367,64;1,50
385;Croatia;1.5.1;14730,16;13640,02;1,08
386;Cyprus;1.5.1;493,99;432,47;1,14
387;Czechia;1.5.1;192356,23;123723,88;1,55
388;Denmark;1.5.1;69392,89;27604,81;2,51
389;EU12 without UK;1.5.1;240303,98;198492,98;1,21
390;EU20 without UK;1.5.1;267852,33;221174,05;1,21
391;Estonia;1.5.1;1612,83;582,56;2,77
392;Euro area - 19 countries  (from 2015);1.5.1;241863,26;204944,38;1,18
393;European Union - 15 countries (1995-2004);1.5.1;282217,11;226228,23;1,25
394;European Union - 27 countries (from 2020);1.5.1;320179,27;256253,54;1,25
395;European Union - 28 countries (2013-2020);1.5.1;347657,15;272518,68;1,28
396;Finland;1.5.1;5974,45;6580,28;0,91
397;France;1.5.1;62258,74;46031,24;1,35
398;Germany (until 1990 former territory of the FRG);1.5.1;39919,81;26345,91;1,52
399;Greece;1.5.1;7623,06;7765,96;0,98
400;Hungary;1.5.1;2172772,07;1767564,14;1,23
401;Ireland;1.5.1;7961,29;3432,44;2,32
402;Italy;1.5.1;31429,81;40673,96;0,77
403;Japan;1.5.1;8457467,13;8345446,51;1,01
404;Latvia;1.5.1;2250,90;1237,29;1,82
405;Lithuania;1.5.1;2706,39;1547,88;1,75
406;Luxembourg;1.5.1;374,72;161,08;2,33
407;Malta;1.5.1;372,47;111,13;3,35
408;Netherlands;1.5.1;22771,16;15087,87;1,51
409;Poland;1.5.1;97838,54;58588,33;1,67
410;Portugal;1.5.1;5976,34;4934,74;1,21
411;Romania;1.5.1;52685,45;48687,57;1,08
412;Slovakia;1.5.1;2857,44;2515,43;1,14
413;Slovenia;1.5.1;1224,89;1215,08;1,01
414;Spain;1.5.1;31676,74;39267,92;0,81
415;Sweden;1.5.1;142175,11;79416,83;1,79
416;United Kingdom;1.5.1;24309,95;14389,93;1,69
417;United States;1.5.1;327242,49;211627,05;1,55
418;AT, BE, CZ, DE, DK, EE, ES, FI, FR, HU, IT, LT, LU, LV, NL, RO, SE, SI, SK and UK – Growth Accounts available from 2009;1.11.2;295330,20;237439,19;1,24
419;AT, BE, CZ, DE, DK, ES, FI, FR, IT, NL, SE and UK – Growth Accounts available from 2000;1.11.2;267781,85;214758,12;1,25
420;Austria;1.11.2;6691,29;5162,54;1,30
421;Belgium;1.11.2;8911,84;3073,67;2,90
422;Bulgaria;1.11.2;6537,41;4367,64;1,50
423;Croatia;1.11.2;14730,16;13640,02;1,08
424;Cyprus;1.11.2;493,99;432,47;1,14
425;Czechia;1.11.2;192356,23;123723,88;1,55
426;Denmark;1.11.2;69392,89;27604,81;2,51
427;EU12 without UK;1.11.2;240303,98;198492,98;1,21
428;EU20 without UK;1.11.2;267852,33;221174,05;1,21
429;Estonia;1.11.2;1612,83;582,56;2,77
430;Euro area - 19 countries  (from 2015);1.11.2;241863,26;204944,38;1,18
431;European Union - 15 countries (1995-2004);1.11.2;282217,11;226228,23;1,25
432;European Union - 27 countries (from 2020);1.11.2;320179,27;256253,54;1,25
433;European Union - 28 countries (2013-2020);1.11.2;347657,15;272518,68;1,28
434;Finland;1.11.2;5974,45;6580,28;0,91
435;France;1.11.2;62258,74;46031,24;1,35
436;Germany (until 1990 former territory of the FRG);1.11.2;39919,81;26345,91;1,52
437;Greece;1.11.2;7623,06;7765,96;0,98
438;Hungary;1.11.2;2172772,07;1767564,14;1,23
439;Ireland;1.11.2;7961,29;3432,44;2,32
440;Italy;1.11.2;31429,81;40673,96;0,77
441;Japan;1.11.2;8457467,13;8345446,51;1,01
442;Latvia;1.11.2;2250,90;1237,29;1,82
443;Lithuania;1.11.2;2706,39;1547,88;1,75
444;Luxembourg;1.11.2;374,72;161,08;2,33
445;Malta;1.11.2;372,47;111,13;3,35
446;Netherlands;1.11.2;22771,16;15087,87;1,51
447;Poland;1.11.2;97838,54;58588,33;1,67
448;Portugal;1.11.2;5976,34;4934,74;1,21
449;Romania;1.11.2;52685,45;48687,57;1,08
450;Slovakia;1.11.2;2857,44;2515,43;1,14
451;Slovenia;1.11.2;1224,89;1215,08;1,01
452;Spain;1.11.2;31676,74;39267,92;0,81
453;Sweden;1.11.2;142175,11;79416,83;1,79
454;United Kingdom;1.11.2;24309,95;14389,93;1,69
455;United States;1.11.2;327242,49;211627,05;1,55
456;AT, BE, CZ, DE, DK, EE, ES, FI, FR, HU, IT, LT, LU, LV, NL, RO, SE, SI, SK and UK – Growth Accounts available from 2009;1.2.1;295330,20;237439,19;1,24
457;AT, BE, CZ, DE, DK, ES, FI, FR, IT, NL, SE and UK – Growth Accounts available from 2000;1.2.1;267781,85;214758,12;1,25
458;Austria;1.2.1;6691,29;5162,54;1,30
459;Belgium;1.2.1;8911,84;3073,67;2,90
460;Bulgaria;1.2.1;6537,41;4367,64;1,50
461;Croatia;1.2.1;14730,16;13640,02;1,08
462;Cyprus;1.2.1;493,99;432,47;1,14
463;Czechia;1.2.1;192356,23;123723,88;1,55
464;Denmark;1.2.1;69392,89;27604,81;2,51
465;EU12 without UK;1.2.1;240303,98;198492,98;1,21
466;EU20 without UK;1.2.1;267852,33;221174,05;1,21
467;Estonia;1.2.1;1612,83;582,56;2,77
468;Euro area - 19 countries  (from 2015);1.2.1;241863,26;204944,38;1,18
469;European Union - 15 countries (1995-2004);1.2.1;282217,11;226228,23;1,25
470;European Union - 27 countries (from 2020);1.2.1;320179,27;256253,54;1,25
471;European Union - 28 countries (2013-2020);1.2.1;347657,15;272518,68;1,28
472;Finland;1.2.1;5974,45;6580,28;0,91
473;France;1.2.1;62258,74;46031,24;1,35
474;Germany (until 1990 former territory of the FRG);1.2.1;39919,81;26345,91;1,52
475;Greece;1.2.1;7623,06;7765,96;0,98
476;Hungary;1.2.1;2172772,07;1767564,14;1,23
477;Ireland;1.2.1;7961,29;3432,44;2,32
478;Italy;1.2.1;31429,81;40673,96;0,77
479;Japan;1.2.1;8457467,13;8345446,51;1,01
480;Latvia;1.2.1;2250,90;1237,29;1,82
481;Lithuania;1.2.1;2706,39;1547,88;1,75
482;Luxembourg;1.2.1;374,72;161,08;2,33
483;Malta;1.2.1;372,47;111,13;3,35
484;Netherlands;1.2.1;22771,16;15087,87;1,51
485;Poland;1.2.1;97838,54;58588,33;1,67
486;Portugal;1.2.1;5976,34;4934,74;1,21
487;Romania;1.2.1;52685,45;48687,57;1,08
488;Slovakia;1.2.1;2857,44;2515,43;1,14
489;Slovenia;1.2.1;1224,89;1215,08;1,01
490;Spain;1.2.1;31676,74;39267,92;0,81
491;Sweden;1.2.1;142175,11;79416,83;1,79
492;United Kingdom;1.2.1;24309,95;14389,93;1,69
493;United States;1.2.1;327242,49;211627,05;1,55
494;AT, BE, CZ, DE, DK, EE, ES, FI, FR, HU, IT, LT, LU, LV, NL, RO, SE, SI, SK and UK – Growth Accounts available from 2009;1.7.1;295330,20;237439,19;1,24
495;AT, BE, CZ, DE, DK, ES, FI, FR, IT, NL, SE and UK – Growth Accounts available from 2000;1.7.1;267781,85;214758,12;1,25
496;Austria;1.7.1;6691,29;5162,54;1,30
497;Belgium;1.7.1;8911,84;3073,67;2,90
498;Bulgaria;1.7.1;6537,41;4367,64;1,50
499;Croatia;1.7.1;14730,16;13640,02;1,08
500;Cyprus;1.7.1;493,99;432,47;1,14
501;Czechia;1.7.1;192356,23;123723,88;1,55
502;Denmark;1.7.1;69392,89;27604,81;2,51
503;EU12 without UK;1.7.1;240303,98;198492,98;1,21
504;EU20 without UK;1.7.1;267852,33;221174,05;1,21
505;Estonia;1.7.1;1612,83;582,56;2,77
506;Euro area - 19 countries  (from 2015);1.7.1;241863,26;204944,38;1,18
507;European Union - 15 countries (1995-2004);1.7.1;282217,11;226228,23;1,25
508;European Union - 27 countries (from 2020);1.7.1;320179,27;256253,54;1,25
509;European Union - 28 countries (2013-2020);1.7.1;347657,15;272518,68;1,28
510;Finland;1.7.1;5974,45;6580,28;0,91
511;France;1.7.1;62258,74;46031,24;1,35
512;Germany (until 1990 former territory of the FRG);1.7.1;39919,81;26345,91;1,52
513;Greece;1.7.1;7623,06;7765,96;0,98
514;Hungary;1.7.1;2172772,07;1767564,14;1,23
515;Ireland;1.7.1;7961,29;3432,44;2,32
516;Italy;1.7.1;31429,81;40673,96;0,77
517;Japan;1.7.1;8457467,13;8345446,51;1,01
518;Latvia;1.7.1;2250,90;1237,29;1,82
519;Lithuania;1.7.1;2706,39;1547,88;1,75
520;Luxembourg;1.7.1;374,72;161,08;2,33
521;Malta;1.7.1;372,47;111,13;3,35
522;Netherlands;1.7.1;22771,16;15087,87;1,51
523;Poland;1.7.1;97838,54;58588,33;1,67
524;Portugal;1.7.1;5976,34;4934,74;1,21
525;Romania;1.7.1;52685,45;48687,57;1,08
526;Slovakia;1.7.1;2857,44;2515,43;1,14
527;Slovenia;1.7.1;1224,89;1215,08;1,01
528;Spain;1.7.1;31676,74;39267,92;0,81
529;Sweden;1.7.1;142175,11;79416,83;1,79
530;United Kingdom;1.7.1;24309,95;14389,93;1,69
531;United States;1.7.1;327242,49;211627,05;1,55
532;AT, BE, CZ, DE, DK, EE, ES, FI, FR, HU, IT, LT, LU, LV, NL, RO, SE, SI, SK and UK – Growth Accounts available from 2009;1.2.3;295330,20;237439,19;1,24
533;AT, BE, CZ, DE, DK, ES, FI, FR, IT, NL, SE and UK – Growth Accounts available from 2000;1.2.3;267781,85;214758,12;1,25
534;Austria;1.2.3;6691,29;5162,54;1,30
535;Belgium;1.2.3;8911,84;3073,67;2,90
536;Bulgaria;1.2.3;6537,41;4367,64;1,50
537;Croatia;1.2.3;14730,16;13640,02;1,08
538;Cyprus;1.2.3;493,99;432,47;1,14
539;Czechia;1.2.3;192356,23;123723,88;1,55
540;Denmark;1.2.3;69392,89;27604,81;2,51
541;EU12 without UK;1.2.3;240303,98;198492,98;1,21
542;EU20 without UK;1.2.3;267852,33;221174,05;1,21
543;Estonia;1.2.3;1612,83;582,56;2,77
544;Euro area - 19 countries  (from 2015);1.2.3;241863,26;204944,38;1,18
545;European Union - 15 countries (1995-2004);1.2.3;282217,11;226228,23;1,25
546;European Union - 27 countries (from 2020);1.2.3;320179,27;256253,54;1,25
547;European Union - 28 countries (2013-2020);1.2.3;347657,15;272518,68;1,28
548;Finland;1.2.3;5974,45;6580,28;0,91
549;France;1.2.3;62258,74;46031,24;1,35
550;Germany (until 1990 former territory of the FRG);1.2.3;39919,81;26345,91;1,52
551;Greece;1.2.3;7623,06;7765,96;0,98
552;Hungary;1.2.3;2172772,07;1767564,14;1,23
553;Ireland;1.2.3;7961,29;3432,44;2,32
554;Italy;1.2.3;31429,81;40673,96;0,77
555;Japan;1.2.3;8457467,13;8345446,51;1,01
556;Latvia;1.2.3;2250,90;1237,29;1,82
557;Lithuania;1.2.3;2706,39;1547,88;1,75
558;Luxembourg;1.2.3;374,72;161,08;2,33
559;Malta;1.2.3;372,47;111,13;3,35
560;Netherlands;1.2.3;22771,16;15087,87;1,51
561;Poland;1.2.3;97838,54;58588,33;1,67
562;Portugal;1.2.3;5976,34;4934,74;1,21
563;Romania;1.2.3;52685,45;48687,57;1,08
564;Slovakia;1.2.3;2857,44;2515,43;1,14
565;Slovenia;1.2.3;1224,89;1215,08;1,01
566;Spain;1.2.3;31676,74;39267,92;0,81
567;Sweden;1.2.3;142175,11;79416,83;1,79
568;United Kingdom;1.2.3;24309,95;14389,93;1,69
569;United States;1.2.3;327242,49;211627,05;1,55
570;AT, BE, CZ, DE, DK, EE, ES, FI, FR, HU, IT, LT, LU, LV, NL, RO, SE, SI, SK and UK – Growth Accounts available from 2009;1.8.1;295330,20;237439,19;1,24
571;AT, BE, CZ, DE, DK, ES, FI, FR, IT, NL, SE and UK – Growth Accounts available from 2000;1.8.1;267781,85;214758,12;1,25
572;Austria;1.8.1;6691,29;5162,54;1,30
573;Belgium;1.8.1;8911,84;3073,67;2,90
574;Bulgaria;1.8.1;6537,41;4367,64;1,50
575;Croatia;1.8.1;14730,16;13640,02;1,08
576;Cyprus;1.8.1;493,99;432,47;1,14
577;Czechia;1.8.1;192356,23;123723,88;1,55
578;Denmark;1.8.1;69392,89;27604,81;2,51
579;EU12 without UK;1.8.1;240303,98;198492,98;1,21
580;EU20 without UK;1.8.1;267852,33;221174,05;1,21
581;Estonia;1.8.1;1612,83;582,56;2,77
582;Euro area - 19 countries  (from 2015);1.8.1;241863,26;204944,38;1,18
583;European Union - 15 countries (1995-2004);1.8.1;282217,11;226228,23;1,25
584;European Union - 27 countries (from 2020);1.8.1;320179,27;256253,54;1,25
585;European Union - 28 countries (2013-2020);1.8.1;347657,15;272518,68;1,28
586;Finland;1.8.1;5974,45;6580,28;0,91
587;France;1.8.1;62258,74;46031,24;1,35
588;Germany (until 1990 former territory of the FRG);1.8.1;39919,81;26345,91;1,52
589;Greece;1.8.1;7623,06;7765,96;0,98
590;Hungary;1.8.1;2172772,07;1767564,14;1,23
591;Ireland;1.8.1;7961,29;3432,44;2,32
592;Italy;1.8.1;31429,81;40673,96;0,77
593;Japan;1.8.1;8457467,13;8345446,51;1,01
594;Latvia;1.8.1;2250,90;1237,29;1,82
595;Lithuania;1.8.1;2706,39;1547,88;1,75
596;Luxembourg;1.8.1;374,72;161,08;2,33
597;Malta;1.8.1;372,47;111,13;3,35
598;Netherlands;1.8.1;22771,16;15087,87;1,51
599;Poland;1.8.1;97838,54;58588,33;1,67
600;Portugal;1.8.1;5976,34;4934,74;1,21
601;Romania;1.8.1;52685,45;48687,57;1,08
602;Slovakia;1.8.1;2857,44;2515,43;1,14
603;Slovenia;1.8.1;1224,89;1215,08;1,01
604;Spain;1.8.1;31676,74;39267,92;0,81
605;Sweden;1.8.1;142175,11;79416,83;1,79
606;United Kingdom;1.8.1;24309,95;14389,93;1,69
607;United States;1.8.1;327242,49;211627,05;1,55
608;AT, BE, CZ, DE, DK, EE, ES, FI, FR, HU, IT, LT, LU, LV, NL, RO, SE, SI, SK and UK – Growth Accounts available from 2009;1.1.3;295330,20;237439,19;1,24
609;AT, BE, CZ, DE, DK, ES, FI, FR, IT, NL, SE and UK – Growth Accounts available from 2000;1.1.3;267781,85;214758,12;1,25
610;Austria;1.1.3;6691,29;5162,54;1,30
611;Belgium;1.1.3;8911,84;3073,67;2,90
612;Bulgaria;1.1.3;6537,41;4367,64;1,50
613;Croatia;1.1.3;14730,16;13640,02;1,08
614;Cyprus;1.1.3;493,99;432,47;1,14
615;Czechia;1.1.3;192356,23;123723,88;1,55
616;Denmark;1.1.3;69392,89;27604,81;2,51
617;EU12 without UK;1.1.3;240303,98;198492,98;1,21
618;EU20 without UK;1.1.3;267852,33;221174,05;1,21
619;Estonia;1.1.3;1612,83;582,56;2,77
620;Euro area - 19 countries  (from 2015);1.1.3;241863,26;204944,38;1,18
621;European Union - 15 countries (1995-2004);1.1.3;282217,11;226228,23;1,25
622;European Union - 27 countries (from 2020);1.1.3;320179,27;256253,54;1,25
623;European Union - 28 countries (2013-2020);1.1.3;347657,15;272518,68;1,28
624;Finland;1.1.3;5974,45;6580,28;0,91
625;France;1.1.3;62258,74;46031,24;1,35
626;Germany (until 1990 former territory of the FRG);1.1.3;39919,81;26345,91;1,52
627;Greece;1.1.3;7623,06;7765,96;0,98
628;Hungary;1.1.3;2172772,07;1767564,14;1,23
629;Ireland;1.1.3;7961,29;3432,44;2,32
630;Italy;1.1.3;31429,81;40673,96;0,77
631;Japan;1.1.3;8457467,13;8345446,51;1,01
632;Latvia;1.1.3;2250,90;1237,29;1,82
633;Lithuania;1.1.3;2706,39;1547,88;1,75
634;Luxembourg;1.1.3;374,72;161,08;2,33
635;Malta;1.1.3;372,47;111,13;3,35
636;Netherlands;1.1.3;22771,16;15087,87;1,51
637;Poland;1.1.3;97838,54;58588,33;1,67
638;Portugal;1.1.3;5976,34;4934,74;1,21
639;Romania;1.1.3;52685,45;48687,57;1,08
640;Slovakia;1.1.3;2857,44;2515,43;1,14
641;Slovenia;1.1.3;1224,89;1215,08;1,01
642;Spain;1.1.3;31676,74;39267,92;0,81
643;Sweden;1.1.3;142175,11;79416,83;1,79
644;United Kingdom;1.1.3;24309,95;14389,93;1,69
645;United States;1.1.3;327242,49;211627,05;1,55
646;AT, BE, CZ, DE, DK, EE, ES, FI, FR, HU, IT, LT, LU, LV, NL, RO, SE, SI, SK and UK – Growth Accounts available from 2009;6.1.1;62789,19;67517,61;0,93
647;AT, BE, CZ, DE, DK, ES, FI, FR, IT, NL, SE and UK – Growth Accounts available from 2000;6.1.1;59715,01;64443,13;0,93
648;Austria;6.1.1;1584,13;1360,70;1,16
649;Belgium;6.1.1;597,33;289,33;2,06
650;Bulgaria;6.1.1;1872,40;2095,96;0,89
651;Croatia;6.1.1;2428,87;1466,51;1,66
652;Cyprus;6.1.1;67,31;25,74;2,61
653;Czechia;6.1.1;39215,96;39162,81;1,00
654;Denmark;6.1.1;9868,06;29549,84;0,33
655;EU12 without UK;6.1.1;34032,51;35842,65;0,95
656;EU20 without UK;6.1.1;37106,69;38917,13;0,95
657;Estonia;6.1.1;265,95;293,94;0,90
658;Euro area - 19 countries  (from 2015);6.1.1;32472,35;30498,15;1,06
659;European Union - 15 countries (1995-2004);6.1.1;61161,00;65251,83;0,94
660;European Union - 27 countries (from 2020);6.1.1;48591,86;51790,10;0,94
661;European Union - 28 countries (2013-2020);6.1.1;74274,36;80390,58;0,92
662;Finland;6.1.1;1861,18;1170,33;1,59
663;France;6.1.1;3442,48;2300,50;1,50
664;Germany (until 1990 former territory of the FRG);6.1.1;7453,00;5087,55;1,46
665;Greece;6.1.1;636,30;839,42;0,76
666;Hungary;6.1.1;111458,49;121915,84;0,91
667;Ireland;6.1.1;1392,23;739,87;1,88
668;Italy;6.1.1;5716,06;5487,66;1,04
669;Japan;6.1.1;635847,17;317822,02;2,00
670;Latvia;6.1.1;192,14;154,82;1,24
671;Lithuania;6.1.1;152,23;147,15;1,03
672;Luxembourg;6.1.1;57,04;43,81;1,30
673;Netherlands;6.1.1;4760,43;8461,54;0,56
674;Poland;6.1.1;29613,62;38319,61;0,77
675;Portugal;6.1.1;889,49;712,59;1,25
676;Romania;6.1.1;8238,57;8326,44;0,99
677;Slovakia;6.1.1;328,66;388,30;0,85
678;Slovenia;6.1.1;224,38;168,99;1,33
679;Spain;6.1.1;3076,39;2994,90;1,03
680;Sweden;6.1.1;27578,83;32810,46;0,84
681;United Kingdom;6.1.1;22721,56;25303,13;0,90
682;United States;6.1.1;330312,98;338933,94;0,97
683;AT, BE, CZ, DE, DK, EE, ES, FI, FR, HU, IT, LT, LU, LV, NL, RO, SE, SI, SK and UK – Growth Accounts available from 2009;3.1.1;871694,62;284938,01;3,06
684;AT, BE, CZ, DE, DK, ES, FI, FR, IT, NL, SE and UK – Growth Accounts available from 2000;3.1.1;834569,02;266091,42;3,14
685;Austria;3.1.1;19267,98;7375,30;2,61
686;Belgium;3.1.1;41845,94;10076,85;4,15
687;Bulgaria;3.1.1;10214,19;2857,56;3,57
688;Croatia;3.1.1;27518,01;13594,44;2,02
689;Cyprus;3.1.1;1181,54;420,77;2,81
690;Czechia;3.1.1;295033,14;119648,41;2,47
691;Denmark;3.1.1;142778,58;35640,03;4,01
692;EU12 without UK;3.1.1;742710,03;225953,84;3,29
693;EU20 without UK;3.1.1;779835,63;244800,43;3,19
694;Estonia;3.1.1;1565,36;510,41;3,07
695;Euro area - 19 countries  (from 2015);3.1.1;761300,79;238117,75;3,20
696;European Union - 15 countries (1995-2004);3.1.1;874883,21;283669,97;3,08
697;European Union - 27 countries (from 2020);3.1.1;900584,58;287334,66;3,13
698;European Union - 28 countries (2013-2020);3.1.1;992443,57;327472,24;3,03
699;Finland;3.1.1;10178,65;3238,18;3,14
700;France;3.1.1;138850,73;51169,58;2,71
701;Germany (until 1990 former territory of the FRG);3.1.1;173850,68;55332,44;3,14
702;Greece;3.1.1;12382,66;5915,52;2,09
703;Hungary;3.1.1;3297717,45;923322,20;3,57
704;Ireland;3.1.1;22791,12;10961,15;2,08
705;Italy;3.1.1;132764,68;34820,68;3,81
706;Japan;3.1.1;28475103,10;16130571,44;1,77
707;Latvia;3.1.1;1753,72;707,39;2,48
708;Lithuania;3.1.1;3501,06;1828,00;1,92
709;Luxembourg;3.1.1;830,09;332,91;2,49
710;Malta;3.1.1;344,25;180,57;1,91
711;Netherlands;3.1.1;66435,78;19156,26;3,47
712;Poland;3.1.1;246050,69;69113,00;3,56
713;Portugal;3.1.1;15813,93;5034,17;3,14
714;Romania;3.1.1;71835,22;51573,82;1,39
715;Slovakia;3.1.1;3555,38;1255,00;2,83
716;Slovenia;3.1.1;1708,96;746,25;2,29
717;Spain;3.1.1;114387,25;29802,57;3,84
718;Sweden;3.1.1;148417,64;56779,11;2,61
719;United Kingdom;3.1.1;81268,57;35510,12;2,29
720;United States;3.1.1;820763,38;273863,35;3,00
721;AT, BE, CZ, DE, DK, EE, ES, FI, FR, HU, IT, LT, LU, LV, NL, RO, SE, SI, SK and UK – Growth Accounts available from 2009;3.2.1;4624934,77;2087093,37;2,22
722;AT, BE, CZ, DE, DK, ES, FI, FR, IT, NL, SE and UK – Growth Accounts available from 2000;3.2.1;4359906,09;1986038,97;2,20
723;Austria;3.2.1;143147,98;69461,97;2,06
724;Belgium;3.2.1;173169,15;56086,84;3,09
725;Bulgaria;3.2.1;48913,60;14596,72;3,35
726;Croatia;3.2.1;91211,26;43246,55;2,11
727;Cyprus;3.2.1;1350,54;918,90;1,47
728;Czechia;3.2.1;3807378,44;1329243,42;2,86
729;Denmark;3.2.1;415587,34;305607,41;1,36
730;EU12 without UK;3.2.1;3989512,11;1769685,26;2,25
731;EU20 without UK;3.2.1;4254540,79;1870739,66;2,27
732;Estonia;3.2.1;9625,61;3559,75;2,70
733;Euro area - 19 countries  (from 2015);3.2.1;3870137,20;1693278,56;2,29
734;European Union - 15 countries (1995-2004);3.2.1;4333584,88;1976502,66;2,19
735;European Union - 27 countries (from 2020);3.2.1;4646135,69;2012302,07;2,31
736;European Union - 28 countries (2013-2020);3.2.1;5016529,67;2228655,77;2,25
737;Finland;3.2.1;91457,84;37124,49;2,46
738;France;3.2.1;521048,94;224586,84;2,32
739;Germany (until 1990 former territory of the FRG);3.2.1;1389814,58;740627,35;1,88
740;Greece;3.2.1;37219,08;10770,07;3,46
741;Hungary;3.2.1;25518846,84;8611827,33;2,96
742;Ireland;3.2.1;10161,88;5508,92;1,84
743;Italy;3.2.1;732897,42;279099,11;2,63
744;Japan;3.2.1;234831339,89;117058413,49;2,01
745;Latvia;3.2.1;5851,75;2927,35;2,00
746;Lithuania;3.2.1;9704,61;6665,31;1,46
747;Luxembourg;3.2.1;6445,65;1334,12;4,83
748;Malta;3.2.1;1092,74;705,97;1,55
749;Netherlands;3.2.1;242441,69;81911,00;2,96
750;Poland;3.2.1;965377,17;349982,95;2,76
751;Portugal;3.2.1;68305,35;24679,00;2,77
752;Romania;3.2.1;323916,45;158639,98;2,04
753;Slovakia;3.2.1;71631,86;18784,73;3,81
754;Slovenia;3.2.1;21771,25;10250,45;2,12
755;Spain;3.2.1;354770,54;128526,82;2,76
756;Sweden;3.2.1;1400783,29;609639,42;2,30
757;United Kingdom;3.2.1;327691,26;191410,29;1,71
758;United States;3.2.1;3778818,24;2353642,34;1,61
759;AT, BE, CZ, DE, DK, EE, ES, FI, FR, HU, IT, LT, LU, LV, NL, RO, SE, SI, SK and UK – Growth Accounts available from 2009;7.1.3;565321,68;270798,17;2,09
760;AT, BE, CZ, DE, DK, ES, FI, FR, IT, NL, SE and UK – Growth Accounts available from 2000;7.1.3;535849,82;257654,08;2,08
761;Austria;7.1.3;29419,58;7094,70;4,15
762;Belgium;7.1.3;9736,14;6136,95;1,59
763;Bulgaria;7.1.3;5078,81;3607,70;1,41
764;Croatia;7.1.3;19545,51;9887,66;1,98
765;Cyprus;7.1.3;686,96;235,36;2,92
766;Czechia;7.1.3;286895,18;160066,57;1,79
767;Denmark;7.1.3;29071,56;31426,38;0,93
768;EU12 without UK;7.1.3;410514,15;221494,35;1,85
769;EU20 without UK;7.1.3;439986,01;234638,43;1,88
770;Estonia;7.1.3;1062,74;875,56;1,21
771;Euro area - 19 countries  (from 2015);7.1.3;428295,83;220383,59;1,94
772;European Union - 15 countries (1995-2004);7.1.3;552311,67;266618,67;2,07
773;European Union - 27 countries (from 2020);7.1.3;490070,61;267891,03;1,83
774;European Union - 28 countries (2013-2020);7.1.3;615406,29;304050,77;2,02
775;Finland;7.1.3;6192,93;4899,78;1,26
776;France;7.1.3;101106,24;41254,28;2,45
777;Germany (until 1990 former territory of the FRG);7.1.3;110353,11;69420,05;1,59
778;Greece;7.1.3;6852,96;5530,29;1,24
779;Hungary;7.1.3;988574,66;688409,09;1,44
780;Ireland;7.1.3;6084,04;3623,05;1,68
781;Italy;7.1.3;72512,50;30460,83;2,38
782;Japan;7.1.3;17928062,15;8764928,64;2,05
783;Latvia;7.1.3;1866,50;479,59;3,89
784;Lithuania;7.1.3;1161,00;829,27;1,40
785;Luxembourg;7.1.3;1168,55;517,49;2,26
786;Netherlands;7.1.3;11500,14;9555,10;1,20
787;Poland;7.1.3;70841,92;60836,87;1,16
788;Portugal;7.1.3;13542,60;5534,90;2,45
789;Romania;7.1.3;50141,08;27673,54;1,81
790;Slovakia;7.1.3;10207,82;2167,52;4,71
791;Slovenia;7.1.3;1194,18;1045,26;1,14
792;Spain;7.1.3;44842,02;31768,86;1,41
793;Sweden;7.1.3;100168,56;107159,81;0,93
794;United Kingdom;7.1.3;110885,72;31990,88;3,47
795;AT, BE, CZ, DE, DK, EE, ES, FI, FR, HU, IT, LT, LU, LV, NL, RO, SE, SI, SK and UK – Growth Accounts available from 2009;7.1.2;565321,68;270798,17;2,09
796;AT, BE, CZ, DE, DK, ES, FI, FR, IT, NL, SE and UK – Growth Accounts available from 2000;7.1.2;535849,82;257654,08;2,08
797;Austria;7.1.2;29419,58;7094,70;4,15
798;Belgium;7.1.2;9736,14;6136,95;1,59
799;Bulgaria;7.1.2;5078,81;3607,70;1,41
800;Croatia;7.1.2;19545,51;9887,66;1,98
801;Cyprus;7.1.2;686,96;235,36;2,92
802;Czechia;7.1.2;286895,18;160066,57;1,79
803;Denmark;7.1.2;29071,56;31426,38;0,93
804;EU12 without UK;7.1.2;410514,15;221494,35;1,85
805;EU20 without UK;7.1.2;439986,01;234638,43;1,88
806;Estonia;7.1.2;1062,74;875,56;1,21
807;Euro area - 19 countries  (from 2015);7.1.2;428295,83;220383,59;1,94
808;European Union - 15 countries (1995-2004);7.1.2;552311,67;266618,67;2,07
809;European Union - 27 countries (from 2020);7.1.2;490070,61;267891,03;1,83
810;European Union - 28 countries (2013-2020);7.1.2;615406,29;304050,77;2,02
811;Finland;7.1.2;6192,93;4899,78;1,26
812;France;7.1.2;101106,24;41254,28;2,45
813;Germany (until 1990 former territory of the FRG);7.1.2;110353,11;69420,05;1,59
814;Greece;7.1.2;6852,96;5530,29;1,24
815;Hungary;7.1.2;988574,66;688409,09;1,44
816;Ireland;7.1.2;6084,04;3623,05;1,68
817;Italy;7.1.2;72512,50;30460,83;2,38
818;Japan;7.1.2;17928062,15;8764928,64;2,05
819;Latvia;7.1.2;1866,50;479,59;3,89
820;Lithuania;7.1.2;1161,00;829,27;1,40
821;Luxembourg;7.1.2;1168,55;517,49;2,26
822;Netherlands;7.1.2;11500,14;9555,10;1,20
823;Poland;7.1.2;70841,92;60836,87;1,16
824;Portugal;7.1.2;13542,60;5534,90;2,45
825;Romania;7.1.2;50141,08;27673,54;1,81
826;Slovakia;7.1.2;10207,82;2167,52;4,71
827;Slovenia;7.1.2;1194,18;1045,26;1,14
828;Spain;7.1.2;44842,02;31768,86;1,41
829;Sweden;7.1.2;100168,56;107159,81;0,93
830;United Kingdom;7.1.2;110885,72;31990,88;3,47
831;AT, BE, CZ, DE, DK, EE, ES, FI, FR, HU, IT, LT, LU, LV, NL, RO, SE, SI, SK and UK – Growth Accounts available from 2009;7.1.1;565321,68;270798,17;2,09
832;AT, BE, CZ, DE, DK, ES, FI, FR, IT, NL, SE and UK – Growth Accounts available from 2000;7.1.1;535849,82;257654,08;2,08
833;Austria;7.1.1;29419,58;7094,70;4,15
834;Belgium;7.1.1;9736,14;6136,95;1,59
835;Bulgaria;7.1.1;5078,81;3607,70;1,41
836;Croatia;7.1.1;19545,51;9887,66;1,98
837;Cyprus;7.1.1;686,96;235,36;2,92
838;Czechia;7.1.1;286895,18;160066,57;1,79
839;Denmark;7.1.1;29071,56;31426,38;0,93
840;EU12 without UK;7.1.1;410514,15;221494,35;1,85
841;EU20 without UK;7.1.1;439986,01;234638,43;1,88
842;Estonia;7.1.1;1062,74;875,56;1,21
843;Euro area - 19 countries  (from 2015);7.1.1;428295,83;220383,59;1,94
844;European Union - 15 countries (1995-2004);7.1.1;552311,67;266618,67;2,07
845;European Union - 27 countries (from 2020);7.1.1;490070,61;267891,03;1,83
846;European Union - 28 countries (2013-2020);7.1.1;615406,29;304050,77;2,02
847;Finland;7.1.1;6192,93;4899,78;1,26
848;France;7.1.1;101106,24;41254,28;2,45
849;Germany (until 1990 former territory of the FRG);7.1.1;110353,11;69420,05;1,59
850;Greece;7.1.1;6852,96;5530,29;1,24
851;Hungary;7.1.1;988574,66;688409,09;1,44
852;Ireland;7.1.1;6084,04;3623,05;1,68
853;Italy;7.1.1;72512,50;30460,83;2,38
854;Japan;7.1.1;17928062,15;8764928,64;2,05
855;Latvia;7.1.1;1866,50;479,59;3,89
856;Lithuania;7.1.1;1161,00;829,27;1,40
857;Luxembourg;7.1.1;1168,55;517,49;2,26
858;Netherlands;7.1.1;11500,14;9555,10;1,20
859;Poland;7.1.1;70841,92;60836,87;1,16
860;Portugal;7.1.1;13542,60;5534,90;2,45
861;Romania;7.1.1;50141,08;27673,54;1,81
862;Slovakia;7.1.1;10207,82;2167,52;4,71
863;Slovenia;7.1.1;1194,18;1045,26;1,14
864;Spain;7.1.1;44842,02;31768,86;1,41
865;Sweden;7.1.1;100168,56;107159,81;0,93
866;United Kingdom;7.1.1;110885,72;31990,88;3,47
867;AT, BE, CZ, DE, DK, EE, ES, FI, FR, HU, IT, LT, LU, LV, NL, RO, SE, SI, SK and UK – Growth Accounts available from 2009;7.2.1;203565,13;153543,62;1,33
868;AT, BE, CZ, DE, DK, ES, FI, FR, IT, NL, SE and UK – Growth Accounts available from 2000;7.2.1;196413,75;148232,26;1,33
869;Austria;7.2.1;5857,77;4214,94;1,39
870;Belgium;7.2.1;9026,51;4598,87;1,96
871;Bulgaria;7.2.1;1054,95;1109,39;0,95
872;Croatia;7.2.1;4637,25;4937,69;0,94
873;Cyprus;7.2.1;226,51;172,66;1,31
874;Czechia;7.2.1;96819,37;58715,88;1,65
875;Denmark;7.2.1;30010,42;19003,92;1,58
876;EU12 without UK;7.2.1;168774,36;115760,71;1,46
877;EU20 without UK;7.2.1;175925,74;121072,07;1,45
878;Estonia;7.2.1;410,26;210,68;1,95
879;Euro area - 19 countries  (from 2015);7.2.1;164660,49;115926,75;1,42
880;European Union - 15 countries (1995-2004);7.2.1;199799,16;152054,90;1,31
881;European Union - 27 countries (from 2020);7.2.1;190960,21;135393,51;1,41
882;European Union - 28 countries (2013-2020);7.2.1;218599,60;167865,05;1,30
883;Finland;7.2.1;2681,95;2177,68;1,23
884;France;7.2.1;28511,78;17969,40;1,59
885;Germany (until 1990 former territory of the FRG);7.2.1;47894,79;39463,96;1,21
886;Greece;7.2.1;1826,35;2336,05;0,78
887;Hungary;7.2.1;494521,16;369077,81;1,34
888;Ireland;7.2.1;1891,06;1472,18;1,28
889;Italy;7.2.1;31826,84;19705,05;1,62
890;Japan;7.2.1;5819891,44;7949732,27;0,73
891;Latvia;7.2.1;291,70;255,56;1,14
892;Lithuania;7.2.1;448,41;482,89;0,93
893;Luxembourg;7.2.1;295,47;314,37;0,94
894;Malta;7.2.1;117,15;102,03;1,15
895;Netherlands;7.2.1;8226,53;5235,17;1,57
896;Poland;7.2.1;26638,79;29001,88;0,92
897;Portugal;7.2.1;3147,60;1989,44;1,58
898;Romania;7.2.1;11771,40;8696,43;1,35
899;Slovakia;7.2.1;924,57;826,43;1,12
900;Slovenia;7.2.1;1111,16;406,13;2,74
901;Spain;7.2.1;21055,24;14399,38;1,46
902;Sweden;7.2.1;60435,35;32386,50;1,87
903;United Kingdom;7.2.1;24452,84;28727,90;0,85
904;AT, BE, CZ, DE, DK, EE, ES, FI, FR, HU, IT, LT, LU, LV, NL, RO, SE, SI, SK and UK – Growth Accounts available from 2009;5.1.1;1334604,94;848318,44;1,57
905;AT, BE, CZ, DE, DK, ES, FI, FR, IT, NL, SE and UK – Growth Accounts available from 2000;5.1.1;1269581,56;808799,56;1,57
906;Austria;5.1.1;41235,03;26492,71;1,56
907;Belgium;5.1.1;67271,18;25580,42;2,63
908;Bulgaria;5.1.1;14940,61;4692,64;3,18
909;Croatia;5.1.1;38654,88;20177,08;1,92
910;Cyprus;5.1.1;3169,80;1253,94;2,53
911;Czechia;5.1.1;732628,75;321982,52;2,28
912;Denmark;5.1.1;230284,95;139312,48;1,65
913;EU12 without UK;5.1.1;1012715,18;644347,47;1,57
914;EU20 without UK;5.1.1;1077738,56;683866,35;1,58
915;Estonia;5.1.1;3265,69;1798,24;1,82
916;Euro area - 19 countries  (from 2015);5.1.1;985215,91;621182,78;1,59
917;European Union - 15 countries (1995-2004);5.1.1;1290468,17;821004,24;1,57
918;European Union - 27 countries (from 2020);5.1.1;1213368,10;752851,14;1,61
919;European Union - 28 countries (2013-2020);5.1.1;1470234,48;917303,24;1,60
920;Finland;5.1.1;27999,25;17684,79;1,58
921;France;5.1.1;212153,75;138738,54;1,53
922;Germany (until 1990 former territory of the FRG);5.1.1;227793,13;175175,71;1,30
923;Greece;5.1.1;5876,08;2680,77;2,19
924;Hungary;5.1.1;3687446,61;2191264,64;1,68
925;Ireland;5.1.1;22085,62;9439,25;2,34
926;Italy;5.1.1;142612,18;79243,94;1,80
927;Japan;5.1.1;44851349,69;35664229,81;1,26
928;Latvia;5.1.1;4727,36;1899,68;2,49
929;Lithuania;5.1.1;3196,14;3399,02;0,94
930;Luxembourg;5.1.1;5876,90;3824,64;1,54
931;Malta;5.1.1;1429,90;521,51;2,74
932;Netherlands;5.1.1;89626,18;38432,98;2,33
933;Poland;5.1.1;304009,58;167721,52;1,81
934;Portugal;5.1.1;15613,87;8814,41;1,77
935;Romania;5.1.1;108182,40;61947,68;1,75
936;Slovakia;5.1.1;10933,39;7512,88;1,46
937;Slovenia;5.1.1;5481,16;2700,49;2,03
938;Spain;5.1.1;100350,43;78689,36;1,28
939;Sweden;5.1.1;453526,68;339170,14;1,34
940;United Kingdom;5.1.1;227252,26;145492,41;1,56
941;United States;5.1.1;938740,74;989167,50;0,95
942;AT, BE, CZ, DE, DK, EE, ES, FI, FR, HU, IT, LT, LU, LV, NL, RO, SE, SI, SK and UK – Growth Accounts available from 2009;2.1.1;795277,36;794418,75;1,00
943;AT, BE, CZ, DE, DK, ES, FI, FR, IT, NL, SE and UK – Growth Accounts available from 2000;2.1.1;754683,71;762676,65;0,99
944;Austria;2.1.1;19786,18;24952,86;0,79
945;Belgium;2.1.1;32149,12;29241,38;1,10
946;Bulgaria;2.1.1;8276,13;8810,39;0,94
947;Croatia;2.1.1;19478,31;20150,63;0,97
948;Cyprus;2.1.1;562,02;1037,82;0,54
949;Czechia;2.1.1;318333,37;324199,17;0,98
950;Denmark;2.1.1;164587,27;196512,01;0,84
951;EU12 without UK;2.1.1;661739,49;669338,65;0,99
952;EU20 without UK;2.1.1;702333,14;701080,75;1,00
953;Estonia;2.1.1;1837,80;1912,79;0,96
954;Euro area - 19 countries  (from 2015);2.1.1;659630,76;664088,51;0,99
955;European Union - 15 countries (1995-2004);2.1.1;785463,01;796425,49;0,99
956;European Union - 27 countries (from 2020);2.1.1;783444,78;788791,65;0,99
957;European Union - 28 countries (2013-2020);2.1.1;876389,01;882129,66;0,99
958;Finland;2.1.1;8867,79;9509,05;0,93
959;France;2.1.1;164269,59;113711,75;1,44
960;Germany (until 1990 former territory of the FRG);2.1.1;140049,40;176488,93;0,79
961;Greece;2.1.1;12159,23;12193,95;1,00
962;Hungary;2.1.1;2328366,37;2058419,06;1,13
963;Ireland;2.1.1;15473,81;15893,99;0,97
964;Italy;2.1.1;111400,50;103432,13;1,08
965;Japan;2.1.1;22869095,51;54244842,55;0,42
966;Latvia;2.1.1;2031,24;2022,98;1,00
967;Lithuania;2.1.1;1875,12;4065,44;0,46
968;Luxembourg;2.1.1;5936,42;4088,82;1,45
969;Malta;2.1.1;413,22;574,53;0,72
970;Netherlands;2.1.1;59694,89;70252,62;0,85
971;Poland;2.1.1;145684,91;147719,69;0,99
972;Portugal;2.1.1;9621,94;14212,91;0,68
973;Romania;2.1.1;68964,79;38335,55;1,80
974;Slovakia;2.1.1;6231,78;4245,89;1,47
975;Slovenia;2.1.1;2399,23;2626,92;0,91
976;Spain;2.1.1;67270,71;76250,69;0,88
977;Sweden;2.1.1;243700,59;271765,98;0,90
978;United Kingdom;2.1.1;82228,68;82577,06;1,00
979;United States;2.1.1;983026,53;1138440,15;0,86
980;AT, BE, CZ, DE, DK, EE, ES, FI, FR, HU, IT, LT, LU, LV, NL, RO, SE, SI, SK and UK – Growth Accounts available from 2009;2.2.1;795277,36;794418,75;1,00
981;AT, BE, CZ, DE, DK, ES, FI, FR, IT, NL, SE and UK – Growth Accounts available from 2000;2.2.1;754683,71;762676,65;0,99
982;Austria;2.2.1;19786,18;24952,86;0,79
983;Belgium;2.2.1;32149,12;29241,38;1,10
984;Bulgaria;2.2.1;8276,13;8810,39;0,94
985;Croatia;2.2.1;19478,31;20150,63;0,97
986;Cyprus;2.2.1;562,02;1037,82;0,54
987;Czechia;2.2.1;318333,37;324199,17;0,98
988;Denmark;2.2.1;164587,27;196512,01;0,84
989;EU12 without UK;2.2.1;661739,49;669338,65;0,99
990;EU20 without UK;2.2.1;702333,14;701080,75;1,00
991;Estonia;2.2.1;1837,80;1912,79;0,96
992;Euro area - 19 countries  (from 2015);2.2.1;659630,76;664088,51;0,99
993;European Union - 15 countries (1995-2004);2.2.1;785463,01;796425,49;0,99
994;European Union - 27 countries (from 2020);2.2.1;783444,78;788791,65;0,99
995;European Union - 28 countries (2013-2020);2.2.1;876389,01;882129,66;0,99
996;Finland;2.2.1;8867,79;9509,05;0,93
997;France;2.2.1;164269,59;113711,75;1,44
998;Germany (until 1990 former territory of the FRG);2.2.1;140049,40;176488,93;0,79
999;Greece;2.2.1;12159,23;12193,95;1,00
1000;Hungary;2.2.1;2328366,37;2058419,06;1,13
1001;Ireland;2.2.1;15473,81;15893,99;0,97
1002;Italy;2.2.1;111400,50;103432,13;1,08
1003;Japan;2.2.1;22869095,51;54244842,55;0,42
1004;Latvia;2.2.1;2031,24;2022,98;1,00
1005;Lithuania;2.2.1;1875,12;4065,44;0,46
1006;Luxembourg;2.2.1;5936,42;4088,82;1,45
1007;Malta;2.2.1;413,22;574,53;0,72
1008;Netherlands;2.2.1;59694,89;70252,62;0,85
1009;Poland;2.2.1;145684,91;147719,69;0,99
1010;Portugal;2.2.1;9621,94;14212,91;0,68
1011;Romania;2.2.1;68964,79;38335,55;1,80
1012;Slovakia;2.2.1;6231,78;4245,89;1,47
1013;Slovenia;2.2.1;2399,23;2626,92;0,91
1014;Spain;2.2.1;67270,71;76250,69;0,88
1015;Sweden;2.2.1;243700,59;271765,98;0,90
1016;United Kingdom;2.2.1;82228,68;82577,06;1,00
1017;United States;2.2.1;983026,53;1138440,15;0,86
1018;AT, BE, CZ, DE, DK, EE, ES, FI, FR, HU, IT, LT, LU, LV, NL, RO, SE, SI, SK and UK – Growth Accounts available from 2009;2.1.2;471707,18;665504,22;0,71
1019;AT, BE, CZ, DE, DK, ES, FI, FR, IT, NL, SE and UK – Growth Accounts available from 2000;2.1.2;441151,15;632700,61;0,70
1020;Austria;2.1.2;11967,44;17295,79;0,69
1021;Belgium;2.1.2;13176,38;19171,62;0,69
1022;Bulgaria;2.1.2;4152,83;6465,96;0,64
1023;Croatia;2.1.2;17095,62;21062,68;0,81
1024;Cyprus;2.1.2;782,15;1227,01;0,64
1025;Czechia;2.1.2;200730,38;238858,68;0,84
1026;Denmark;2.1.2;51741,16;73298,30;0,71
1027;EU12 without UK;2.1.2;361873,12;502491,40;0,72
1028;EU20 without UK;2.1.2;392429,14;535295,01;0,73
1029;Estonia;2.1.2;967,67;1218,63;0,79
1030;Euro area - 19 countries  (from 2015);2.1.2;366147,39;510833,80;0,72
1031;European Union - 15 countries (1995-2004);2.1.2;456944,17;655032,50;0,70
1032;European Union - 27 countries (from 2020);2.1.2;438594,14;616042,55;0,71
1033;European Union - 28 countries (2013-2020);2.1.2;517872,18;746251,76;0,69
1034;Finland;2.1.2;6729,08;7958,45;0,85
1035;France;2.1.2;80392,30;103178,81;0,78
1036;Germany (until 1990 former territory of the FRG);2.1.2;106908,27;122940,91;0,87
1037;Greece;2.1.2;5580,13;8670,33;0,64
1038;Hungary;2.1.2;1666690,55;1923323,77;0,87
1039;Ireland;2.1.2;7258,03;10716,81;0,68
1040;Italy;2.1.2;61098,93;97829,80;0,62
1041;Japan;2.1.2;26681334,76;33977696,87;0,79
1042;Latvia;2.1.2;943,11;1757,02;0,54
1043;Lithuania;2.1.2;1160,29;3304,67;0,35
1044;Luxembourg;2.1.2;3474,72;1603,62;2,17
1045;Malta;2.1.2;310,24;573,83;0,54
1046;Netherlands;2.1.2;19400,72;31520,86;0,62
1047;Poland;2.1.2;83236,04;177027,44;0,47
1048;Portugal;2.1.2;7306,80;10654,45;0,69
1049;Romania;2.1.2;60849,74;61847,53;0,98
1050;Slovakia;2.1.2;4868,60;4476,64;1,09
1051;Slovenia;2.1.2;1808,04;2341,24;0,77
1052;Spain;2.1.2;33822,54;66734,56;0,51
1053;Sweden;2.1.2;139601,81;171445,07;0,81
1054;United Kingdom;2.1.2;70138,07;115197,39;0,61
1055;United States;2.1.2;898588,29;1033807,58;0,87
1056;AT, BE, CZ, DE, DK, EE, ES, FI, FR, HU, IT, LT, LU, LV, NL, RO, SE, SI, SK and UK – Growth Accounts available from 2009;2.2.2;471707,18;665504,22;0,71
1057;AT, BE, CZ, DE, DK, ES, FI, FR, IT, NL, SE and UK – Growth Accounts available from 2000;2.2.2;441151,15;632700,61;0,70
1058;Austria;2.2.2;11967,44;17295,79;0,69
1059;Belgium;2.2.2;13176,38;19171,62;0,69
1060;Bulgaria;2.2.2;4152,83;6465,96;0,64
1061;Croatia;2.2.2;17095,62;21062,68;0,81
1062;Cyprus;2.2.2;782,15;1227,01;0,64
1063;Czechia;2.2.2;200730,38;238858,68;0,84
1064;Denmark;2.2.2;51741,16;73298,30;0,71
1065;EU12 without UK;2.2.2;361873,12;502491,40;0,72
1066;EU20 without UK;2.2.2;392429,14;535295,01;0,73
1067;Estonia;2.2.2;967,67;1218,63;0,79
1068;Euro area - 19 countries  (from 2015);2.2.2;366147,39;510833,80;0,72
1069;European Union - 15 countries (1995-2004);2.2.2;456944,17;655032,50;0,70
1070;European Union - 27 countries (from 2020);2.2.2;438594,14;616042,55;0,71
1071;European Union - 28 countries (2013-2020);2.2.2;517872,18;746251,76;0,69
1072;Finland;2.2.2;6729,08;7958,45;0,85
1073;France;2.2.2;80392,30;103178,81;0,78
1074;Germany (until 1990 former territory of the FRG);2.2.2;106908,27;122940,91;0,87
1075;Greece;2.2.2;5580,13;8670,33;0,64
1076;Hungary;2.2.2;1666690,55;1923323,77;0,87
1077;Ireland;2.2.2;7258,03;10716,81;0,68
1078;Italy;2.2.2;61098,93;97829,80;0,62
1079;Japan;2.2.2;26681334,76;33977696,87;0,79
1080;Latvia;2.2.2;943,11;1757,02;0,54
1081;Lithuania;2.2.2;1160,29;3304,67;0,35
1082;Luxembourg;2.2.2;3474,72;1603,62;2,17
1083;Malta;2.2.2;310,24;573,83;0,54
1084;Netherlands;2.2.2;19400,72;31520,86;0,62
1085;Poland;2.2.2;83236,04;177027,44;0,47
1086;Portugal;2.2.2;7306,80;10654,45;0,69
1087;Romania;2.2.2;60849,74;61847,53;0,98
1088;Slovakia;2.2.2;4868,60;4476,64;1,09
1089;Slovenia;2.2.2;1808,04;2341,24;0,77
1090;Spain;2.2.2;33822,54;66734,56;0,51
1091;Sweden;2.2.2;139601,81;171445,07;0,81
1092;United Kingdom;2.2.2;70138,07;115197,39;0,61
1093;United States;2.2.2;898588,29;1033807,58;0,87
1094;AT, BE, CZ, DE, DK, EE, ES, FI, FR, HU, IT, LT, LU, LV, NL, RO, SE, SI, SK and UK – Growth Accounts available from 2009;10.1.2;928101,90;682844,69;1,36
1095;AT, BE, CZ, DE, DK, ES, FI, FR, IT, NL, SE and UK – Growth Accounts available from 2000;10.1.2;872792,11;641714,43;1,36
1096;Austria;10.1.2;21607,81;22227,81;0,97
1097;Belgium;10.1.2;43317,06;26252,38;1,65
1098;Bulgaria;10.1.2;14047,34;6060,78;2,32
1099;Croatia;10.1.2;23037,47;16463,80;1,40
1100;Cyprus;10.1.2;2758,36;961,65;2,87
1101;Czechia;10.1.2;526386,85;325153,39;1,62
1102;Denmark;10.1.2;129021,64;85690,06;1,51
1103;EU12 without UK;10.1.2;752878,60;547855,84;1,37
1104;EU20 without UK;10.1.2;808188,38;588986,10;1,37
1105;Estonia;10.1.2;3874,12;1744,39;2,22
1106;Euro area - 19 countries  (from 2015);10.1.2;756915,55;555214,66;1,36
1107;European Union - 15 countries (1995-2004);10.1.2;885144,40;655943,04;1,35
1108;European Union - 27 countries (from 2020);10.1.2;905739,19;655863,64;1,38
1109;European Union - 28 countries (2013-2020);10.1.2;1025652,70;749722,23;1,37
1110;Finland;10.1.2;16244,03;10406,57;1,56
1111;France;10.1.2;125400,84;109739,02;1,14
1112;Germany (until 1990 former territory of the FRG);10.1.2;235070,18;149946,98;1,57
1113;Greece;10.1.2;9209,08;8027,77;1,15
1114;Hungary;10.1.2;3222977,20;2616376,37;1,23
1115;Ireland;10.1.2;6816,59;7245,86;0,94
1116;Italy;10.1.2;120959,97;98824,87;1,22
1117;Japan;10.1.2;17011598,93;30375987,56;0,56
1118;Latvia;10.1.2;4912,18;2585,94;1,90
1119;Lithuania;10.1.2;6212,41;5799,20;1,07
1120;Luxembourg;10.1.2;1229,96;1396,12;0,88
1121;Netherlands;10.1.2;52670,57;35706,16;1,48
1122;Poland;10.1.2;208744,34;142090,08;1,47
1123;Portugal;10.1.2;15620,96;10236,87;1,53
1124;Romania;10.1.2;90708,64;65817,19;1,38
1125;Slovakia;10.1.2;8744,97;5993,58;1,46
1126;Slovenia;10.1.2;4612,93;3008,72;1,53
1127;Spain;10.1.2;82266,47;58119,50;1,42
1128;Sweden;10.1.2;179586,57;127792,27;1,41
1129;United Kingdom;10.1.2;106088,69;83037,64;1,28
1130;United States;10.1.2;709517,47;704557,46;1,01
1131;AT, BE, CZ, DE, DK, EE, ES, FI, FR, HU, IT, LT, LU, LV, NL, RO, SE, SI, SK and UK – Growth Accounts available from 2009;10.1.1;112869,27;34451,46;3,28
1132;AT, BE, CZ, DE, DK, ES, FI, FR, IT, NL, SE and UK – Growth Accounts available from 2000;10.1.1;112283,93;33766,29;3,33
1133;Austria;10.1.1;121,05;58,34;2,07
1134;Belgium;10.1.1;2210,75;1083,05;2,04
1135;Bulgaria;10.1.1;99,08;95,89;1,03
1136;Croatia;10.1.1;2401,12;1624,52;1,48
1137;Cyprus;10.1.1;1304,60;687,79;1,90
1138;Czechia;10.1.1;979,01;367,28;2,67
1139;Denmark;10.1.1;235934,63;31211,45;7,56
1140;EU12 without UK;10.1.1;101896,14;24490,42;4,16
1141;EU20 without UK;10.1.1;102481,47;25175,59;4,07
1142;Estonia;10.1.1;456,91;177,62;2,57
1143;Euro area - 19 countries  (from 2015);10.1.1;83321,89;25891,25;3,22
1144;European Union - 15 countries (1995-2004);10.1.1;126622,23;39213,53;3,23
1145;European Union - 27 countries (from 2020);10.1.1;119571,04;31972,88;3,74
1146;European Union - 28 countries (2013-2020);10.1.1;129958,83;41248,74;3,15
1147;Finland;10.1.1;2111,55;759,35;2,78
1148;France;10.1.1;19009,82;1946,21;9,77
1149;Germany (until 1990 former territory of the FRG);10.1.1;23547,05;7081,00;3,33
1150;Greece;10.1.1;13221,97;5235,05;2,53
1151;Hungary;10.1.1;23565,95;4199,47;5,61
1152;Ireland;10.1.1;653,54;71,33;9,16
1153;Italy;10.1.1;10480,26;4360,91;2,40
1154;Japan;10.1.1;4134045,81;2780705,01;1,49
1155;Latvia;10.1.1;60,46;59,52;1,02
1156;Lithuania;10.1.1;79,60;111,60;0,71
1157;Netherlands;10.1.1;7701,00;3248,81;2,37
1158;Poland;10.1.1;2459,93;862,10;2,85
1159;Portugal;10.1.1;500,96;155,18;3,23
1160;Romania;10.1.1;1400,26;2123,36;0,66
1161;Slovakia;10.1.1;30,70;14,64;2,10
1162;Slovenia;10.1.1;39,80;30,00;1,33
1163;Spain;10.1.1;1831,66;840,84;2,18
1164;Sweden;10.1.1;32717,16;9334,26;3,51
1165;United Kingdom;10.1.1;9190,19;8206,45;1,12
1166;United States;10.1.1;45584,84;15706,69;2,90
1167;AT, BE, CZ, DE, DK, EE, ES, FI, FR, HU, IT, LT, LU, LV, NL, RO, SE, SI, SK and UK – Growth Accounts available from 2009;8.1.1;3821062,81;5449246,52;0,70
1168;AT, BE, CZ, DE, DK, ES, FI, FR, IT, NL, SE and UK – Growth Accounts available from 2000;8.1.1;3665212,61;5267091,70;0,70
1169;Austria;8.1.1;85989,31;137917,65;0,62
1170;Belgium;8.1.1;82824,95;108298,49;0,76
1171;Bulgaria;8.1.1;25494,80;29347,90;0,87
1172;Croatia;8.1.1;96429,42;125616,60;0,77
1173;Cyprus;8.1.1;7131,78;8466,62;0,84
1174;Czechia;8.1.1;1358531,10;1523849,38;0,89
1175;Denmark;8.1.1;562134,35;821098,78;0,68
1176;EU12 without UK;8.1.1;2992727,56;4263194,27;0,70
1177;EU20 without UK;8.1.1;3148577,76;4445349,09;0,71
1178;Estonia;8.1.1;6084,51;7741,87;0,79
1179;Euro area - 19 countries  (from 2015);8.1.1;3039405,97;4229673,72;0,72
1180;European Union - 15 countries (1995-2004);8.1.1;3873353,29;5475000,53;0,71
1181;European Union - 27 countries (from 2020);8.1.1;3529620,51;4876981,07;0,72
1182;European Union - 28 countries (2013-2020);8.1.1;4202105,56;5880878,50;0,71
1183;Finland;8.1.1;62401,64;81116,22;0,77
1184;France;8.1.1;674875,35;977207,97;0,69
1185;Germany (until 1990 former territory of the FRG);8.1.1;816167,11;1216613,43;0,67
1186;Greece;8.1.1;38948,00;52803,43;0,74
1187;Hungary;8.1.1;8637913,44;12441965,13;0,69
1188;Ireland;8.1.1;135029,51;124627,43;1,08
1189;Italy;8.1.1;454885,96;596305,03;0,76
1190;Japan;8.1.1;104146479,24;141619110,60;0,74
1191;Latvia;8.1.1;5424,01;8186,61;0,66
1192;Lithuania;8.1.1;6808,56;11450,65;0,59
1193;Luxembourg;8.1.1;39569,65;21181,95;1,87
1194;Malta;8.1.1;10759,44;6465,73;1,66
1195;Netherlands;8.1.1;242847,94;316865,45;0,77
1196;Poland;8.1.1;466596,31;557725,84;0,84
1197;Portugal;8.1.1;47563,89;68712,30;0,69
1198;Romania;8.1.1;202192,76;290352,55;0,70
1199;Slovakia;8.1.1;22581,86;26052,33;0,87
1200;Slovenia;8.1.1;10933,75;13879,05;0,79
1201;Spain;8.1.1;299512,50;459660,56;0,65
1202;Sweden;8.1.1;1485715,17;2047822,36;0,73
1203;United Kingdom;8.1.1;594954,25;888158,10;0,67
1204;United States;8.1.1;5187696,97;7773751,16;0,67
1205;AT, BE, CZ, DE, DK, EE, ES, FI, FR, HU, IT, LT, LU, LV, NL, RO, SE, SI, SK and UK – Growth Accounts available from 2009;4.1.1;899501,82;747445,33;1,20
1206;AT, BE, CZ, DE, DK, ES, FI, FR, IT, NL, SE and UK – Growth Accounts available from 2000;4.1.1;785533,28;712700,31;1,10
1207;Austria;4.1.1;15782,39;16713,46;0,94
1208;Belgium;4.1.1;31887,31;31632,93;1,01
1209;Bulgaria;4.1.1;3818,50;7478,51;0,51
1210;Croatia;4.1.1;11348,38;22353,58;0,51
1211;Cyprus;4.1.1;4415,00;1879,13;2,35
1212;Czechia;4.1.1;200086,76;245585,40;0,81
1213;Denmark;4.1.1;84131,20;130660,81;0,64
1214;EU12 without UK;4.1.1;579180,27;540148,35;1,07
1215;EU20 without UK;4.1.1;693148,80;574893,37;1,21
1216;Estonia;4.1.1;654,37;1100,18;0,59
1217;Euro area - 19 countries  (from 2015);4.1.1;720568,84;561493,09;1,28
1218;European Union - 15 countries (1995-2004);4.1.1;929749,85;761985,49;1,22
1219;European Union - 27 countries (from 2020);4.1.1;775376,70;649200,79;1,19
1220;European Union - 28 countries (2013-2020);4.1.1;981729,72;821752,75;1,19
1221;Finland;4.1.1;8150,95;7709,27;1,06
1222;France;4.1.1;169019,39;101342,43;1,67
1223;Germany (until 1990 former territory of the FRG);4.1.1;174754,11;136702,57;1,28
1224;Greece;4.1.1;4025,40;9837,59;0,41
1225;Hungary;4.1.1;1183493,56;1520415,16;0,78
1226;Ireland;4.1.1;38685,47;21962,09;1,76
1227;Italy;4.1.1;71279,82;92187,43;0,77
1228;Japan;4.1.1;15234400,57;26906742,37;0,57
1229;Latvia;4.1.1;936,85;1070,54;0,88
1230;Lithuania;4.1.1;797,50;1083,76;0,74
1231;Luxembourg;4.1.1;101717,15;16832,85;6,04
1232;Malta;4.1.1;6561,27;1035,46;6,34
1233;Netherlands;4.1.1;42768,27;54862,42;0,78
1234;Poland;4.1.1;71653,23;91313,76;0,78
1235;Portugal;4.1.1;7590,11;10228,25;0,74
1236;Romania;4.1.1;12623,70;28840,92;0,44
1237;Slovakia;4.1.1;2864,88;3004,70;0,95
1238;Slovenia;4.1.1;1228,43;1788,32;0,69
1239;Spain;4.1.1;38678,62;52308,02;0,74
1240;Sweden;4.1.1;79706,16;200892,17;0,40
1241;United Kingdom;4.1.1;182562,58;152658,45;1,20
1242;United States;4.1.1;1656761,08;1840871,89;0,90
1243;AT, BE, CZ, DE, DK, EE, ES, FI, FR, HU, IT, LT, LU, LV, NL, RO, SE, SI, SK and UK – Growth Accounts available from 2009;9.1.1;528413,58;1763657,88;0,30
1244;AT, BE, CZ, DE, DK, ES, FI, FR, IT, NL, SE and UK – Growth Accounts available from 2000;9.1.1;508636,93;1707780,54;0,30
1245;Austria;9.1.1;20191,25;40240,91;0,50
1246;Belgium;9.1.1;16516,59;44260,40;0,37
1247;Bulgaria;9.1.1;4133,22;11880,52;0,35
1248;Croatia;9.1.1;7763,71;34103,25;0,23
1249;Cyprus;9.1.1;564,02;2220,67;0,25
1250;Czechia;9.1.1;422199,50;526888,76;0,80
1251;Denmark;9.1.1;104574,70;242109,85;0,43
1252;EU12 without UK;9.1.1;421261,70;1363534,92;0,31
1253;EU20 without UK;9.1.1;441038,35;1419412,26;0,31
1254;Estonia;9.1.1;1280,15;2651,01;0,48
1255;Euro area - 19 countries  (from 2015);9.1.1;377083,62;1375232,04;0,27
1256;European Union - 15 countries (1995-2004);9.1.1;506162,09;1772018,45;0,29
1257;European Union - 27 countries (from 2020);9.1.1;480389,60;1541015,22;0,31
1258;European Union - 28 countries (2013-2020);9.1.1;567764,83;1885260,83;0,30
1259;Finland;9.1.1;10798,65;30486,34;0,35
1260;France;9.1.1;66947,13;318353,45;0,21
1261;Germany (until 1990 former territory of the FRG);9.1.1;131396,54;375288,45;0,35
1262;Greece;9.1.1;1996,29;30266,45;0,07
1263;Hungary;9.1.1;1549856,36;4058981,98;0,38
1264;Ireland;9.1.1;5700,47;23583,90;0,24
1265;Italy;9.1.1;35058,88;250807,34;0,14
1266;Japan;9.1.1;17275731,22;73208249,87;0,24
1267;Latvia;9.1.1;1199,73;3706,07;0,32
1268;Lithuania;9.1.1;1482,57;3307,03;0,45
1269;Luxembourg;9.1.1;2330,26;4702,68;0,50
1270;Malta;9.1.1;432,47;818,87;0,53
1271;Netherlands;9.1.1;50183,48;59905,10;0,84
1272;Poland;9.1.1;94851,90;107225,95;0,88
1273;Portugal;9.1.1;3960,09;26228,76;0,15
1274;Romania;9.1.1;24152,76;84441,32;0,29
1275;Slovakia;9.1.1;4025,87;9757,87;0,41
1276;Slovenia;9.1.1;688,38;3531,41;0,19
1277;Spain;9.1.1;23019,17;148646,74;0,15
1278;Sweden;9.1.1;376040,72;436165,47;0,86
1279;United Kingdom;9.1.1;77301,74;304557,54;0,25
1280;United States;9.1.1;1268935,62;2622427,58;0,48
1281;AT, BE, CZ, DE, DK, EE, ES, FI, FR, HU, IT, LT, LU, LV, NL, RO, SE, SI, SK and UK – Growth Accounts available from 2009;1.11.1;556461,05;724853,50;0,77
1282;AT, BE, CZ, DE, DK, ES, FI, FR, IT, NL, SE and UK – Growth Accounts available from 2000;1.11.1;534209,06;703577,55;0,76
1283;Austria;1.11.1;9591,00;18150,92;0,53
1284;Bulgaria;1.11.1;3308,33;2930,30;1,13
1285;Croatia;1.11.1;12192,06;9234,59;1,32
1286;Cyprus;1.11.1;292,52;496,71;0,59
1287;Czechia;1.11.1;223275,98;116102,00;1,92
1288;Denmark;1.11.1;80340,34;75044,94;1,07
1289;EU12 without UK;1.11.1;432700,44;569134,20;0,76
1290;EU20 without UK;1.11.1;454952,44;590410,15;0,77
1291;Estonia;1.11.1;836,35;1038,06;0,81
1292;Euro area - 19 countries  (from 2015);1.11.1;434956,41;581975,45;0,75
1293;European Union - 15 countries (1995-2004);1.11.1;555236,57;736412,01;0,75
1294;European Union - 27 countries (from 2020);1.11.1;498750,98;644190,18;0,77
1295;European Union - 28 countries (2013-2020);1.11.1;600259,60;778633,53;0,77
1296;Finland;1.11.1;6120,89;8920,93;0,69
1297;France;1.11.1;99972,52;145521,94;0,69
1298;Germany (until 1990 former territory of the FRG);1.11.1;133189,23;185849,17;0,72
1299;Greece;1.11.1;4467,43;3268,76;1,37
1300;Hungary;1.11.1;1202978,13;1730848,26;0,70
1301;Ireland;1.11.1;13945,42;23234,93;0,60
1302;Italy;1.11.1;70339,30;65608,64;1,07
1303;Latvia;1.11.1;885,24;945,00;0,94
1304;Lithuania;1.11.1;1247,32;1538,67;0,81
1305;Luxembourg;1.11.1;6311,61;2426,63;2,60
1306;Malta;1.11.1;733,61;1039,12;0,71
1307;Netherlands;1.11.1;36675,72;58776,11;0,62
1308;Poland;1.11.1;64686,78;57650,66;1,12
1309;Portugal;1.11.1;5008,78;8431,07;0,59
1310;Romania;1.11.1;22525,05;28353,30;0,79
1311;Slovakia;1.11.1;4092,24;3305,96;1,24
1312;Slovenia;1.11.1;1103,25;1539,73;0,72
1313;Spain;1.11.1;41247,20;53422,84;0,77
1314;Sweden;1.11.1;164948,64;187602,89;0,88
1315;United Kingdom;1.11.1;89805,69;118943,38;0,76
1316;United States;1.11.1;644210,69;932009,30;0,69
1317;AT, BE, CZ, DE, DK, EE, ES, FI, FR, HU, IT, LT, LU, LV, NL, RO, SE, SI, SK and UK – Growth Accounts available from 2009;8.1.2;491614,18;959046,01;0,51
1318;AT, BE, CZ, DE, DK, ES, FI, FR, IT, NL, SE and UK – Growth Accounts available from 2000;8.1.2;476631,66;916771,67;0,52
1319;Austria;8.1.2;10217,38;20279,35;0,50
1320;Belgium;8.1.2;12396,95;35812,33;0,35
1321;Bulgaria;8.1.2;2728,83;7312,82;0,37
1322;Croatia;8.1.2;18175,13;20796,49;0,87
1323;Cyprus;8.1.2;564,02;1867,80;0,30
1324;Czechia;8.1.2;165219,08;344916,66;0,48
1325;Denmark;8.1.2;67091,21;111160,89;0,60
1326;EU12 without UK;8.1.2;382934,59;791498,74;0,48
1327;EU20 without UK;8.1.2;397917,11;833773,08;0,48
1328;Estonia;8.1.2;869,89;1818,32;0,48
1329;Euro area - 19 countries  (from 2015);8.1.2;376332,41;804293,44;0,47
1330;European Union - 15 countries (1995-2004);8.1.2;489116,07;952419,94;0,51
1331;European Union - 27 countries (from 2020);8.1.2;429892,06;918142,30;0,47
1332;European Union - 28 countries (2013-2020);8.1.2;523589,14;1043415,24;0,50
1333;Finland;8.1.2;12398,84;13412,10;0,92
1334;France;8.1.2;71859,90;193146,29;0,37
1335;Germany (until 1990 former territory of the FRG);8.1.2;125235,50;219075,33;0,57
1336;Greece;8.1.2;5587,21;18937,31;0,30
1337;Hungary;8.1.2;1486018,68;3418355,50;0,43
1338;Ireland;8.1.2;7281,18;11820,65;0,62
1339;Italy;8.1.2;54919,11;122525,21;0,45
1340;Japan;8.1.2;14288425,30;32090179,64;0,45
1341;Latvia;8.1.2;821,35;2322,94;0,35
1342;Lithuania;8.1.2;1230,91;2704,27;0,46
1343;Luxembourg;8.1.2;1297,51;3843,06;0,34
1344;Malta;8.1.2;441,09;727,35;0,61
1345;Netherlands;8.1.2;37006,39;57131,04;0,65
1346;Poland;8.1.2;36758,39;120001,51;0,31
1347;Portugal;8.1.2;4760,55;14495,86;0,33
1348;Romania;8.1.2;12704,12;62462,46;0,20
1349;Slovakia;8.1.2;2944,00;6588,31;0,45
1350;Slovenia;8.1.2;1299,05;2674,98;0,49
1351;Spain;8.1.2;26500,62;77785,93;0,34
1352;Sweden;8.1.2;173941,61;245871,19;0,71
1353;United Kingdom;8.1.2;82894,74;110830,22;0,75
1354;United States;8.1.2;1652509,65;3042847,39;0,54
