;Country;Sector;Value_WF;Value_GVA;Value_norm_WF
0;AT, BE, CZ, DE, DK, EE, ES, FI, FR, HU, IT, LT, LU, LV, NL, RO, SE, SI, SK and UK – Growth Accounts available from 2009;1.6.1;13515054,30;237439,19;56,92
1;AT, BE, CZ, DE, DK, ES, FI, FR, IT, NL, SE and UK – Growth Accounts available from 2000;1.6.1;9464926,30;214758,12;44,07
2;Austria;1.6.1;393067,00;5162,54;76,14
3;Belgium;1.6.1;152064,30;3073,67;49,47
4;Bulgaria;1.6.1;925656,00;4367,64;211,93
5;Croatia;1.6.1;192430,00;13640,02;14,11
6;Cyprus;1.6.1;43733,00;432,47;101,12
7;Czechia;1.6.1;332005,00;123723,88;2,68
8;Denmark;1.6.1;101183,00;27604,81;3,67
9;EU12 without UK;1.6.1;8520478,30;198492,98;42,93
10;EU20 without UK;1.6.1;12570606,30;221174,05;56,84
11;Estonia;1.6.1;42401,00;582,56;72,78
12;Euro area - 19 countries  (from 2015);1.6.1;10514452,30;204944,38;51,30
13;European Union - 15 countries (1995-2004);1.6.1;11238796,30;226228,23;49,68
14;European Union - 27 countries (from 2020);1.6.1;19035943,30;256253,54;74,29
15;European Union - 28 countries (2013-2020);1.6.1;19980391,30;272518,68;73,32
16;Finland;1.6.1;184200,00;6580,28;27,99
17;France;1.6.1;1684040,00;46031,24;36,58
18;Germany (until 1990 former territory of the FRG);1.6.1;1055000,00;26345,91;40,04
19;Greece;1.6.1;1201032,00;7765,96;154,65
20;Hungary;1.6.1;497612,00;1767564,14;0,28
21;Ireland;1.6.1;272430,00;3432,44;79,37
22;Italy;1.6.1;2470677,00;40673,96;60,74
23;Japan;1.6.1;3931993,31;8345446,51;0,47
24;Latvia;1.6.1;134611,00;1237,29;108,80
25;Lithuania;1.6.1;193901,00;1547,88;125,27
26;Luxembourg;1.6.1;2781,00;161,08;17,26
27;Netherlands;1.6.1;398389,00;15087,87;26,40
28;Poland;1.6.1;3158023,00;58588,33;53,90
29;Portugal;1.6.1;629632,00;4934,74;127,59
30;Romania;1.6.1;2940171,00;48687,57;60,39
31;Slovakia;1.6.1;133731,00;2515,43;53,16
32;Slovenia;1.6.1;147321,00;1215,08;121,24
33;Spain;1.6.1;1522763,00;39267,92;38,78
34;Sweden;1.6.1;227090,00;79416,83;2,86
35;United Kingdom;1.6.1;944448,00;14389,93;65,63
36;United States;1.6.1;5314520,17;211627,05;25,11
37;AT, BE, CZ, DE, DK, EE, ES, FI, FR, HU, IT, LT, LU, LV, NL, RO, SE, SI, SK and UK – Growth Accounts available from 2009;1.7.2;13515054,30;237439,19;56,92
38;AT, BE, CZ, DE, DK, ES, FI, FR, IT, NL, SE and UK – Growth Accounts available from 2000;1.7.2;9464926,30;214758,12;44,07
39;Austria;1.7.2;393067,00;5162,54;76,14
40;Belgium;1.7.2;152064,30;3073,67;49,47
41;Bulgaria;1.7.2;925656,00;4367,64;211,93
42;Croatia;1.7.2;192430,00;13640,02;14,11
43;Cyprus;1.7.2;43733,00;432,47;101,12
44;Czechia;1.7.2;332005,00;123723,88;2,68
45;Denmark;1.7.2;101183,00;27604,81;3,67
46;EU12 without UK;1.7.2;8520478,30;198492,98;42,93
47;EU20 without UK;1.7.2;12570606,30;221174,05;56,84
48;Estonia;1.7.2;42401,00;582,56;72,78
49;Euro area - 19 countries  (from 2015);1.7.2;10514452,30;204944,38;51,30
50;European Union - 15 countries (1995-2004);1.7.2;11238796,30;226228,23;49,68
51;European Union - 27 countries (from 2020);1.7.2;19035943,30;256253,54;74,29
52;European Union - 28 countries (2013-2020);1.7.2;19980391,30;272518,68;73,32
53;Finland;1.7.2;184200,00;6580,28;27,99
54;France;1.7.2;1684040,00;46031,24;36,58
55;Germany (until 1990 former territory of the FRG);1.7.2;1055000,00;26345,91;40,04
56;Greece;1.7.2;1201032,00;7765,96;154,65
57;Hungary;1.7.2;497612,00;1767564,14;0,28
58;Ireland;1.7.2;272430,00;3432,44;79,37
59;Italy;1.7.2;2470677,00;40673,96;60,74
60;Japan;1.7.2;3931993,31;8345446,51;0,47
61;Latvia;1.7.2;134611,00;1237,29;108,80
62;Lithuania;1.7.2;193901,00;1547,88;125,27
63;Luxembourg;1.7.2;2781,00;161,08;17,26
64;Netherlands;1.7.2;398389,00;15087,87;26,40
65;Poland;1.7.2;3158023,00;58588,33;53,90
66;Portugal;1.7.2;629632,00;4934,74;127,59
67;Romania;1.7.2;2940171,00;48687,57;60,39
68;Slovakia;1.7.2;133731,00;2515,43;53,16
69;Slovenia;1.7.2;147321,00;1215,08;121,24
70;Spain;1.7.2;1522763,00;39267,92;38,78
71;Sweden;1.7.2;227090,00;79416,83;2,86
72;United Kingdom;1.7.2;944448,00;14389,93;65,63
73;United States;1.7.2;5314520,17;211627,05;25,11
74;AT, BE, CZ, DE, DK, EE, ES, FI, FR, HU, IT, LT, LU, LV, NL, RO, SE, SI, SK and UK – Growth Accounts available from 2009;1.10.1;13515054,30;237439,19;56,92
75;AT, BE, CZ, DE, DK, ES, FI, FR, IT, NL, SE and UK – Growth Accounts available from 2000;1.10.1;9464926,30;214758,12;44,07
76;Austria;1.10.1;393067,00;5162,54;76,14
77;Belgium;1.10.1;152064,30;3073,67;49,47
78;Bulgaria;1.10.1;925656,00;4367,64;211,93
79;Croatia;1.10.1;192430,00;13640,02;14,11
80;Cyprus;1.10.1;43733,00;432,47;101,12
81;Czechia;1.10.1;332005,00;123723,88;2,68
82;Denmark;1.10.1;101183,00;27604,81;3,67
83;EU12 without UK;1.10.1;8520478,30;198492,98;42,93
84;EU20 without UK;1.10.1;12570606,30;221174,05;56,84
85;Estonia;1.10.1;42401,00;582,56;72,78
86;Euro area - 19 countries  (from 2015);1.10.1;10514452,30;204944,38;51,30
87;European Union - 15 countries (1995-2004);1.10.1;11238796,30;226228,23;49,68
88;European Union - 27 countries (from 2020);1.10.1;19035943,30;256253,54;74,29
89;European Union - 28 countries (2013-2020);1.10.1;19980391,30;272518,68;73,32
90;Finland;1.10.1;184200,00;6580,28;27,99
91;France;1.10.1;1684040,00;46031,24;36,58
92;Germany (until 1990 former territory of the FRG);1.10.1;1055000,00;26345,91;40,04
93;Greece;1.10.1;1201032,00;7765,96;154,65
94;Hungary;1.10.1;497612,00;1767564,14;0,28
95;Ireland;1.10.1;272430,00;3432,44;79,37
96;Italy;1.10.1;2470677,00;40673,96;60,74
97;Japan;1.10.1;3931993,31;8345446,51;0,47
98;Latvia;1.10.1;134611,00;1237,29;108,80
99;Lithuania;1.10.1;193901,00;1547,88;125,27
100;Luxembourg;1.10.1;2781,00;161,08;17,26
101;Netherlands;1.10.1;398389,00;15087,87;26,40
102;Poland;1.10.1;3158023,00;58588,33;53,90
103;Portugal;1.10.1;629632,00;4934,74;127,59
104;Romania;1.10.1;2940171,00;48687,57;60,39
105;Slovakia;1.10.1;133731,00;2515,43;53,16
106;Slovenia;1.10.1;147321,00;1215,08;121,24
107;Spain;1.10.1;1522763,00;39267,92;38,78
108;Sweden;1.10.1;227090,00;79416,83;2,86
109;United Kingdom;1.10.1;944448,00;14389,93;65,63
110;United States;1.10.1;5314520,17;211627,05;25,11
111;AT, BE, CZ, DE, DK, EE, ES, FI, FR, HU, IT, LT, LU, LV, NL, RO, SE, SI, SK and UK – Growth Accounts available from 2009;1.11.2;13515054,30;237439,19;56,92
112;AT, BE, CZ, DE, DK, ES, FI, FR, IT, NL, SE and UK – Growth Accounts available from 2000;1.11.2;9464926,30;214758,12;44,07
113;Austria;1.11.2;393067,00;5162,54;76,14
114;Belgium;1.11.2;152064,30;3073,67;49,47
115;Bulgaria;1.11.2;925656,00;4367,64;211,93
116;Croatia;1.11.2;192430,00;13640,02;14,11
117;Cyprus;1.11.2;43733,00;432,47;101,12
118;Czechia;1.11.2;332005,00;123723,88;2,68
119;Denmark;1.11.2;101183,00;27604,81;3,67
120;EU12 without UK;1.11.2;8520478,30;198492,98;42,93
121;EU20 without UK;1.11.2;12570606,30;221174,05;56,84
122;Estonia;1.11.2;42401,00;582,56;72,78
123;Euro area - 19 countries  (from 2015);1.11.2;10514452,30;204944,38;51,30
124;European Union - 15 countries (1995-2004);1.11.2;11238796,30;226228,23;49,68
125;European Union - 27 countries (from 2020);1.11.2;19035943,30;256253,54;74,29
126;European Union - 28 countries (2013-2020);1.11.2;19980391,30;272518,68;73,32
127;Finland;1.11.2;184200,00;6580,28;27,99
128;France;1.11.2;1684040,00;46031,24;36,58
129;Germany (until 1990 former territory of the FRG);1.11.2;1055000,00;26345,91;40,04
130;Greece;1.11.2;1201032,00;7765,96;154,65
131;Hungary;1.11.2;497612,00;1767564,14;0,28
132;Ireland;1.11.2;272430,00;3432,44;79,37
133;Italy;1.11.2;2470677,00;40673,96;60,74
134;Japan;1.11.2;3931993,31;8345446,51;0,47
135;Latvia;1.11.2;134611,00;1237,29;108,80
136;Lithuania;1.11.2;193901,00;1547,88;125,27
137;Luxembourg;1.11.2;2781,00;161,08;17,26
138;Netherlands;1.11.2;398389,00;15087,87;26,40
139;Poland;1.11.2;3158023,00;58588,33;53,90
140;Portugal;1.11.2;629632,00;4934,74;127,59
141;Romania;1.11.2;2940171,00;48687,57;60,39
142;Slovakia;1.11.2;133731,00;2515,43;53,16
143;Slovenia;1.11.2;147321,00;1215,08;121,24
144;Spain;1.11.2;1522763,00;39267,92;38,78
145;Sweden;1.11.2;227090,00;79416,83;2,86
146;United Kingdom;1.11.2;944448,00;14389,93;65,63
147;United States;1.11.2;5314520,17;211627,05;25,11
148;AT, BE, CZ, DE, DK, EE, ES, FI, FR, HU, IT, LT, LU, LV, NL, RO, SE, SI, SK and UK – Growth Accounts available from 2009;1.2.2;13515054,30;237439,19;56,92
149;AT, BE, CZ, DE, DK, ES, FI, FR, IT, NL, SE and UK – Growth Accounts available from 2000;1.2.2;9464926,30;214758,12;44,07
150;Austria;1.2.2;393067,00;5162,54;76,14
151;Belgium;1.2.2;152064,30;3073,67;49,47
152;Bulgaria;1.2.2;925656,00;4367,64;211,93
153;Croatia;1.2.2;192430,00;13640,02;14,11
154;Cyprus;1.2.2;43733,00;432,47;101,12
155;Czechia;1.2.2;332005,00;123723,88;2,68
156;Denmark;1.2.2;101183,00;27604,81;3,67
157;EU12 without UK;1.2.2;8520478,30;198492,98;42,93
158;EU20 without UK;1.2.2;12570606,30;221174,05;56,84
159;Estonia;1.2.2;42401,00;582,56;72,78
160;Euro area - 19 countries  (from 2015);1.2.2;10514452,30;204944,38;51,30
161;European Union - 15 countries (1995-2004);1.2.2;11238796,30;226228,23;49,68
162;European Union - 27 countries (from 2020);1.2.2;19035943,30;256253,54;74,29
163;European Union - 28 countries (2013-2020);1.2.2;19980391,30;272518,68;73,32
164;Finland;1.2.2;184200,00;6580,28;27,99
165;France;1.2.2;1684040,00;46031,24;36,58
166;Germany (until 1990 former territory of the FRG);1.2.2;1055000,00;26345,91;40,04
167;Greece;1.2.2;1201032,00;7765,96;154,65
168;Hungary;1.2.2;497612,00;1767564,14;0,28
169;Ireland;1.2.2;272430,00;3432,44;79,37
170;Italy;1.2.2;2470677,00;40673,96;60,74
171;Japan;1.2.2;3931993,31;8345446,51;0,47
172;Latvia;1.2.2;134611,00;1237,29;108,80
173;Lithuania;1.2.2;193901,00;1547,88;125,27
174;Luxembourg;1.2.2;2781,00;161,08;17,26
175;Netherlands;1.2.2;398389,00;15087,87;26,40
176;Poland;1.2.2;3158023,00;58588,33;53,90
177;Portugal;1.2.2;629632,00;4934,74;127,59
178;Romania;1.2.2;2940171,00;48687,57;60,39
179;Slovakia;1.2.2;133731,00;2515,43;53,16
180;Slovenia;1.2.2;147321,00;1215,08;121,24
181;Spain;1.2.2;1522763,00;39267,92;38,78
182;Sweden;1.2.2;227090,00;79416,83;2,86
183;United Kingdom;1.2.2;944448,00;14389,93;65,63
184;United States;1.2.2;5314520,17;211627,05;25,11
185;AT, BE, CZ, DE, DK, EE, ES, FI, FR, HU, IT, LT, LU, LV, NL, RO, SE, SI, SK and UK – Growth Accounts available from 2009;1.1.1;13515054,30;237439,19;56,92
186;AT, BE, CZ, DE, DK, ES, FI, FR, IT, NL, SE and UK – Growth Accounts available from 2000;1.1.1;9464926,30;214758,12;44,07
187;Austria;1.1.1;393067,00;5162,54;76,14
188;Belgium;1.1.1;152064,30;3073,67;49,47
189;Bulgaria;1.1.1;925656,00;4367,64;211,93
190;Croatia;1.1.1;192430,00;13640,02;14,11
191;Cyprus;1.1.1;43733,00;432,47;101,12
192;Czechia;1.1.1;332005,00;123723,88;2,68
193;Denmark;1.1.1;101183,00;27604,81;3,67
194;EU12 without UK;1.1.1;8520478,30;198492,98;42,93
195;EU20 without UK;1.1.1;12570606,30;221174,05;56,84
196;Estonia;1.1.1;42401,00;582,56;72,78
197;Euro area - 19 countries  (from 2015);1.1.1;10514452,30;204944,38;51,30
198;European Union - 15 countries (1995-2004);1.1.1;11238796,30;226228,23;49,68
199;European Union - 27 countries (from 2020);1.1.1;19035943,30;256253,54;74,29
200;European Union - 28 countries (2013-2020);1.1.1;19980391,30;272518,68;73,32
201;Finland;1.1.1;184200,00;6580,28;27,99
202;France;1.1.1;1684040,00;46031,24;36,58
203;Germany (until 1990 former territory of the FRG);1.1.1;1055000,00;26345,91;40,04
204;Greece;1.1.1;1201032,00;7765,96;154,65
205;Hungary;1.1.1;497612,00;1767564,14;0,28
206;Ireland;1.1.1;272430,00;3432,44;79,37
207;Italy;1.1.1;2470677,00;40673,96;60,74
208;Japan;1.1.1;3931993,31;8345446,51;0,47
209;Latvia;1.1.1;134611,00;1237,29;108,80
210;Lithuania;1.1.1;193901,00;1547,88;125,27
211;Luxembourg;1.1.1;2781,00;161,08;17,26
212;Netherlands;1.1.1;398389,00;15087,87;26,40
213;Poland;1.1.1;3158023,00;58588,33;53,90
214;Portugal;1.1.1;629632,00;4934,74;127,59
215;Romania;1.1.1;2940171,00;48687,57;60,39
216;Slovakia;1.1.1;133731,00;2515,43;53,16
217;Slovenia;1.1.1;147321,00;1215,08;121,24
218;Spain;1.1.1;1522763,00;39267,92;38,78
219;Sweden;1.1.1;227090,00;79416,83;2,86
220;United Kingdom;1.1.1;944448,00;14389,93;65,63
221;United States;1.1.1;5314520,17;211627,05;25,11
222;AT, BE, CZ, DE, DK, EE, ES, FI, FR, HU, IT, LT, LU, LV, NL, RO, SE, SI, SK and UK – Growth Accounts available from 2009;1.10.2;13515054,30;237439,19;56,92
223;AT, BE, CZ, DE, DK, ES, FI, FR, IT, NL, SE and UK – Growth Accounts available from 2000;1.10.2;9464926,30;214758,12;44,07
224;Austria;1.10.2;393067,00;5162,54;76,14
225;Belgium;1.10.2;152064,30;3073,67;49,47
226;Bulgaria;1.10.2;925656,00;4367,64;211,93
227;Croatia;1.10.2;192430,00;13640,02;14,11
228;Cyprus;1.10.2;43733,00;432,47;101,12
229;Czechia;1.10.2;332005,00;123723,88;2,68
230;Denmark;1.10.2;101183,00;27604,81;3,67
231;EU12 without UK;1.10.2;8520478,30;198492,98;42,93
232;EU20 without UK;1.10.2;12570606,30;221174,05;56,84
233;Estonia;1.10.2;42401,00;582,56;72,78
234;Euro area - 19 countries  (from 2015);1.10.2;10514452,30;204944,38;51,30
235;European Union - 15 countries (1995-2004);1.10.2;11238796,30;226228,23;49,68
236;European Union - 27 countries (from 2020);1.10.2;19035943,30;256253,54;74,29
237;European Union - 28 countries (2013-2020);1.10.2;19980391,30;272518,68;73,32
238;Finland;1.10.2;184200,00;6580,28;27,99
239;France;1.10.2;1684040,00;46031,24;36,58
240;Germany (until 1990 former territory of the FRG);1.10.2;1055000,00;26345,91;40,04
241;Greece;1.10.2;1201032,00;7765,96;154,65
242;Hungary;1.10.2;497612,00;1767564,14;0,28
243;Ireland;1.10.2;272430,00;3432,44;79,37
244;Italy;1.10.2;2470677,00;40673,96;60,74
245;Japan;1.10.2;3931993,31;8345446,51;0,47
246;Latvia;1.10.2;134611,00;1237,29;108,80
247;Lithuania;1.10.2;193901,00;1547,88;125,27
248;Luxembourg;1.10.2;2781,00;161,08;17,26
249;Netherlands;1.10.2;398389,00;15087,87;26,40
250;Poland;1.10.2;3158023,00;58588,33;53,90
251;Portugal;1.10.2;629632,00;4934,74;127,59
252;Romania;1.10.2;2940171,00;48687,57;60,39
253;Slovakia;1.10.2;133731,00;2515,43;53,16
254;Slovenia;1.10.2;147321,00;1215,08;121,24
255;Spain;1.10.2;1522763,00;39267,92;38,78
256;Sweden;1.10.2;227090,00;79416,83;2,86
257;United Kingdom;1.10.2;944448,00;14389,93;65,63
258;United States;1.10.2;5314520,17;211627,05;25,11
259;AT, BE, CZ, DE, DK, EE, ES, FI, FR, HU, IT, LT, LU, LV, NL, RO, SE, SI, SK and UK – Growth Accounts available from 2009;1.8.1;13515054,30;237439,19;56,92
260;AT, BE, CZ, DE, DK, ES, FI, FR, IT, NL, SE and UK – Growth Accounts available from 2000;1.8.1;9464926,30;214758,12;44,07
261;Austria;1.8.1;393067,00;5162,54;76,14
262;Belgium;1.8.1;152064,30;3073,67;49,47
263;Bulgaria;1.8.1;925656,00;4367,64;211,93
264;Croatia;1.8.1;192430,00;13640,02;14,11
265;Cyprus;1.8.1;43733,00;432,47;101,12
266;Czechia;1.8.1;332005,00;123723,88;2,68
267;Denmark;1.8.1;101183,00;27604,81;3,67
268;EU12 without UK;1.8.1;8520478,30;198492,98;42,93
269;EU20 without UK;1.8.1;12570606,30;221174,05;56,84
270;Estonia;1.8.1;42401,00;582,56;72,78
271;Euro area - 19 countries  (from 2015);1.8.1;10514452,30;204944,38;51,30
272;European Union - 15 countries (1995-2004);1.8.1;11238796,30;226228,23;49,68
273;European Union - 27 countries (from 2020);1.8.1;19035943,30;256253,54;74,29
274;European Union - 28 countries (2013-2020);1.8.1;19980391,30;272518,68;73,32
275;Finland;1.8.1;184200,00;6580,28;27,99
276;France;1.8.1;1684040,00;46031,24;36,58
277;Germany (until 1990 former territory of the FRG);1.8.1;1055000,00;26345,91;40,04
278;Greece;1.8.1;1201032,00;7765,96;154,65
279;Hungary;1.8.1;497612,00;1767564,14;0,28
280;Ireland;1.8.1;272430,00;3432,44;79,37
281;Italy;1.8.1;2470677,00;40673,96;60,74
282;Japan;1.8.1;3931993,31;8345446,51;0,47
283;Latvia;1.8.1;134611,00;1237,29;108,80
284;Lithuania;1.8.1;193901,00;1547,88;125,27
285;Luxembourg;1.8.1;2781,00;161,08;17,26
286;Netherlands;1.8.1;398389,00;15087,87;26,40
287;Poland;1.8.1;3158023,00;58588,33;53,90
288;Portugal;1.8.1;629632,00;4934,74;127,59
289;Romania;1.8.1;2940171,00;48687,57;60,39
290;Slovakia;1.8.1;133731,00;2515,43;53,16
291;Slovenia;1.8.1;147321,00;1215,08;121,24
292;Spain;1.8.1;1522763,00;39267,92;38,78
293;Sweden;1.8.1;227090,00;79416,83;2,86
294;United Kingdom;1.8.1;944448,00;14389,93;65,63
295;United States;1.8.1;5314520,17;211627,05;25,11
296;AT, BE, CZ, DE, DK, EE, ES, FI, FR, HU, IT, LT, LU, LV, NL, RO, SE, SI, SK and UK – Growth Accounts available from 2009;1.3.1;13515054,30;237439,19;56,92
297;AT, BE, CZ, DE, DK, ES, FI, FR, IT, NL, SE and UK – Growth Accounts available from 2000;1.3.1;9464926,30;214758,12;44,07
298;Austria;1.3.1;393067,00;5162,54;76,14
299;Belgium;1.3.1;152064,30;3073,67;49,47
300;Bulgaria;1.3.1;925656,00;4367,64;211,93
301;Croatia;1.3.1;192430,00;13640,02;14,11
302;Cyprus;1.3.1;43733,00;432,47;101,12
303;Czechia;1.3.1;332005,00;123723,88;2,68
304;Denmark;1.3.1;101183,00;27604,81;3,67
305;EU12 without UK;1.3.1;8520478,30;198492,98;42,93
306;EU20 without UK;1.3.1;12570606,30;221174,05;56,84
307;Estonia;1.3.1;42401,00;582,56;72,78
308;Euro area - 19 countries  (from 2015);1.3.1;10514452,30;204944,38;51,30
309;European Union - 15 countries (1995-2004);1.3.1;11238796,30;226228,23;49,68
310;European Union - 27 countries (from 2020);1.3.1;19035943,30;256253,54;74,29
311;European Union - 28 countries (2013-2020);1.3.1;19980391,30;272518,68;73,32
312;Finland;1.3.1;184200,00;6580,28;27,99
313;France;1.3.1;1684040,00;46031,24;36,58
314;Germany (until 1990 former territory of the FRG);1.3.1;1055000,00;26345,91;40,04
315;Greece;1.3.1;1201032,00;7765,96;154,65
316;Hungary;1.3.1;497612,00;1767564,14;0,28
317;Ireland;1.3.1;272430,00;3432,44;79,37
318;Italy;1.3.1;2470677,00;40673,96;60,74
319;Japan;1.3.1;3931993,31;8345446,51;0,47
320;Latvia;1.3.1;134611,00;1237,29;108,80
321;Lithuania;1.3.1;193901,00;1547,88;125,27
322;Luxembourg;1.3.1;2781,00;161,08;17,26
323;Netherlands;1.3.1;398389,00;15087,87;26,40
324;Poland;1.3.1;3158023,00;58588,33;53,90
325;Portugal;1.3.1;629632,00;4934,74;127,59
326;Romania;1.3.1;2940171,00;48687,57;60,39
327;Slovakia;1.3.1;133731,00;2515,43;53,16
328;Slovenia;1.3.1;147321,00;1215,08;121,24
329;Spain;1.3.1;1522763,00;39267,92;38,78
330;Sweden;1.3.1;227090,00;79416,83;2,86
331;United Kingdom;1.3.1;944448,00;14389,93;65,63
332;United States;1.3.1;5314520,17;211627,05;25,11
333;AT, BE, CZ, DE, DK, EE, ES, FI, FR, HU, IT, LT, LU, LV, NL, RO, SE, SI, SK and UK – Growth Accounts available from 2009;1.4.1;13515054,30;237439,19;56,92
334;AT, BE, CZ, DE, DK, ES, FI, FR, IT, NL, SE and UK – Growth Accounts available from 2000;1.4.1;9464926,30;214758,12;44,07
335;Austria;1.4.1;393067,00;5162,54;76,14
336;Belgium;1.4.1;152064,30;3073,67;49,47
337;Bulgaria;1.4.1;925656,00;4367,64;211,93
338;Croatia;1.4.1;192430,00;13640,02;14,11
339;Cyprus;1.4.1;43733,00;432,47;101,12
340;Czechia;1.4.1;332005,00;123723,88;2,68
341;Denmark;1.4.1;101183,00;27604,81;3,67
342;EU12 without UK;1.4.1;8520478,30;198492,98;42,93
343;EU20 without UK;1.4.1;12570606,30;221174,05;56,84
344;Estonia;1.4.1;42401,00;582,56;72,78
345;Euro area - 19 countries  (from 2015);1.4.1;10514452,30;204944,38;51,30
346;European Union - 15 countries (1995-2004);1.4.1;11238796,30;226228,23;49,68
347;European Union - 27 countries (from 2020);1.4.1;19035943,30;256253,54;74,29
348;European Union - 28 countries (2013-2020);1.4.1;19980391,30;272518,68;73,32
349;Finland;1.4.1;184200,00;6580,28;27,99
350;France;1.4.1;1684040,00;46031,24;36,58
351;Germany (until 1990 former territory of the FRG);1.4.1;1055000,00;26345,91;40,04
352;Greece;1.4.1;1201032,00;7765,96;154,65
353;Hungary;1.4.1;497612,00;1767564,14;0,28
354;Ireland;1.4.1;272430,00;3432,44;79,37
355;Italy;1.4.1;2470677,00;40673,96;60,74
356;Japan;1.4.1;3931993,31;8345446,51;0,47
357;Latvia;1.4.1;134611,00;1237,29;108,80
358;Lithuania;1.4.1;193901,00;1547,88;125,27
359;Luxembourg;1.4.1;2781,00;161,08;17,26
360;Netherlands;1.4.1;398389,00;15087,87;26,40
361;Poland;1.4.1;3158023,00;58588,33;53,90
362;Portugal;1.4.1;629632,00;4934,74;127,59
363;Romania;1.4.1;2940171,00;48687,57;60,39
364;Slovakia;1.4.1;133731,00;2515,43;53,16
365;Slovenia;1.4.1;147321,00;1215,08;121,24
366;Spain;1.4.1;1522763,00;39267,92;38,78
367;Sweden;1.4.1;227090,00;79416,83;2,86
368;United Kingdom;1.4.1;944448,00;14389,93;65,63
369;United States;1.4.1;5314520,17;211627,05;25,11
370;AT, BE, CZ, DE, DK, EE, ES, FI, FR, HU, IT, LT, LU, LV, NL, RO, SE, SI, SK and UK – Growth Accounts available from 2009;1.2.3;13515054,30;237439,19;56,92
371;AT, BE, CZ, DE, DK, ES, FI, FR, IT, NL, SE and UK – Growth Accounts available from 2000;1.2.3;9464926,30;214758,12;44,07
372;Austria;1.2.3;393067,00;5162,54;76,14
373;Belgium;1.2.3;152064,30;3073,67;49,47
374;Bulgaria;1.2.3;925656,00;4367,64;211,93
375;Croatia;1.2.3;192430,00;13640,02;14,11
376;Cyprus;1.2.3;43733,00;432,47;101,12
377;Czechia;1.2.3;332005,00;123723,88;2,68
378;Denmark;1.2.3;101183,00;27604,81;3,67
379;EU12 without UK;1.2.3;8520478,30;198492,98;42,93
380;EU20 without UK;1.2.3;12570606,30;221174,05;56,84
381;Estonia;1.2.3;42401,00;582,56;72,78
382;Euro area - 19 countries  (from 2015);1.2.3;10514452,30;204944,38;51,30
383;European Union - 15 countries (1995-2004);1.2.3;11238796,30;226228,23;49,68
384;European Union - 27 countries (from 2020);1.2.3;19035943,30;256253,54;74,29
385;European Union - 28 countries (2013-2020);1.2.3;19980391,30;272518,68;73,32
386;Finland;1.2.3;184200,00;6580,28;27,99
387;France;1.2.3;1684040,00;46031,24;36,58
388;Germany (until 1990 former territory of the FRG);1.2.3;1055000,00;26345,91;40,04
389;Greece;1.2.3;1201032,00;7765,96;154,65
390;Hungary;1.2.3;497612,00;1767564,14;0,28
391;Ireland;1.2.3;272430,00;3432,44;79,37
392;Italy;1.2.3;2470677,00;40673,96;60,74
393;Japan;1.2.3;3931993,31;8345446,51;0,47
394;Latvia;1.2.3;134611,00;1237,29;108,80
395;Lithuania;1.2.3;193901,00;1547,88;125,27
396;Luxembourg;1.2.3;2781,00;161,08;17,26
397;Netherlands;1.2.3;398389,00;15087,87;26,40
398;Poland;1.2.3;3158023,00;58588,33;53,90
399;Portugal;1.2.3;629632,00;4934,74;127,59
400;Romania;1.2.3;2940171,00;48687,57;60,39
401;Slovakia;1.2.3;133731,00;2515,43;53,16
402;Slovenia;1.2.3;147321,00;1215,08;121,24
403;Spain;1.2.3;1522763,00;39267,92;38,78
404;Sweden;1.2.3;227090,00;79416,83;2,86
405;United Kingdom;1.2.3;944448,00;14389,93;65,63
406;United States;1.2.3;5314520,17;211627,05;25,11
407;AT, BE, CZ, DE, DK, EE, ES, FI, FR, HU, IT, LT, LU, LV, NL, RO, SE, SI, SK and UK – Growth Accounts available from 2009;1.5.1;13515054,30;237439,19;56,92
408;AT, BE, CZ, DE, DK, ES, FI, FR, IT, NL, SE and UK – Growth Accounts available from 2000;1.5.1;9464926,30;214758,12;44,07
409;Austria;1.5.1;393067,00;5162,54;76,14
410;Belgium;1.5.1;152064,30;3073,67;49,47
411;Bulgaria;1.5.1;925656,00;4367,64;211,93
412;Croatia;1.5.1;192430,00;13640,02;14,11
413;Cyprus;1.5.1;43733,00;432,47;101,12
414;Czechia;1.5.1;332005,00;123723,88;2,68
415;Denmark;1.5.1;101183,00;27604,81;3,67
416;EU12 without UK;1.5.1;8520478,30;198492,98;42,93
417;EU20 without UK;1.5.1;12570606,30;221174,05;56,84
418;Estonia;1.5.1;42401,00;582,56;72,78
419;Euro area - 19 countries  (from 2015);1.5.1;10514452,30;204944,38;51,30
420;European Union - 15 countries (1995-2004);1.5.1;11238796,30;226228,23;49,68
421;European Union - 27 countries (from 2020);1.5.1;19035943,30;256253,54;74,29
422;European Union - 28 countries (2013-2020);1.5.1;19980391,30;272518,68;73,32
423;Finland;1.5.1;184200,00;6580,28;27,99
424;France;1.5.1;1684040,00;46031,24;36,58
425;Germany (until 1990 former territory of the FRG);1.5.1;1055000,00;26345,91;40,04
426;Greece;1.5.1;1201032,00;7765,96;154,65
427;Hungary;1.5.1;497612,00;1767564,14;0,28
428;Ireland;1.5.1;272430,00;3432,44;79,37
429;Italy;1.5.1;2470677,00;40673,96;60,74
430;Japan;1.5.1;3931993,31;8345446,51;0,47
431;Latvia;1.5.1;134611,00;1237,29;108,80
432;Lithuania;1.5.1;193901,00;1547,88;125,27
433;Luxembourg;1.5.1;2781,00;161,08;17,26
434;Netherlands;1.5.1;398389,00;15087,87;26,40
435;Poland;1.5.1;3158023,00;58588,33;53,90
436;Portugal;1.5.1;629632,00;4934,74;127,59
437;Romania;1.5.1;2940171,00;48687,57;60,39
438;Slovakia;1.5.1;133731,00;2515,43;53,16
439;Slovenia;1.5.1;147321,00;1215,08;121,24
440;Spain;1.5.1;1522763,00;39267,92;38,78
441;Sweden;1.5.1;227090,00;79416,83;2,86
442;United Kingdom;1.5.1;944448,00;14389,93;65,63
443;United States;1.5.1;5314520,17;211627,05;25,11
444;AT, BE, CZ, DE, DK, EE, ES, FI, FR, HU, IT, LT, LU, LV, NL, RO, SE, SI, SK and UK – Growth Accounts available from 2009;1.7.1;13515054,30;237439,19;56,92
445;AT, BE, CZ, DE, DK, ES, FI, FR, IT, NL, SE and UK – Growth Accounts available from 2000;1.7.1;9464926,30;214758,12;44,07
446;Austria;1.7.1;393067,00;5162,54;76,14
447;Belgium;1.7.1;152064,30;3073,67;49,47
448;Bulgaria;1.7.1;925656,00;4367,64;211,93
449;Croatia;1.7.1;192430,00;13640,02;14,11
450;Cyprus;1.7.1;43733,00;432,47;101,12
451;Czechia;1.7.1;332005,00;123723,88;2,68
452;Denmark;1.7.1;101183,00;27604,81;3,67
453;EU12 without UK;1.7.1;8520478,30;198492,98;42,93
454;EU20 without UK;1.7.1;12570606,30;221174,05;56,84
455;Estonia;1.7.1;42401,00;582,56;72,78
456;Euro area - 19 countries  (from 2015);1.7.1;10514452,30;204944,38;51,30
457;European Union - 15 countries (1995-2004);1.7.1;11238796,30;226228,23;49,68
458;European Union - 27 countries (from 2020);1.7.1;19035943,30;256253,54;74,29
459;European Union - 28 countries (2013-2020);1.7.1;19980391,30;272518,68;73,32
460;Finland;1.7.1;184200,00;6580,28;27,99
461;France;1.7.1;1684040,00;46031,24;36,58
462;Germany (until 1990 former territory of the FRG);1.7.1;1055000,00;26345,91;40,04
463;Greece;1.7.1;1201032,00;7765,96;154,65
464;Hungary;1.7.1;497612,00;1767564,14;0,28
465;Ireland;1.7.1;272430,00;3432,44;79,37
466;Italy;1.7.1;2470677,00;40673,96;60,74
467;Japan;1.7.1;3931993,31;8345446,51;0,47
468;Latvia;1.7.1;134611,00;1237,29;108,80
469;Lithuania;1.7.1;193901,00;1547,88;125,27
470;Luxembourg;1.7.1;2781,00;161,08;17,26
471;Netherlands;1.7.1;398389,00;15087,87;26,40
472;Poland;1.7.1;3158023,00;58588,33;53,90
473;Portugal;1.7.1;629632,00;4934,74;127,59
474;Romania;1.7.1;2940171,00;48687,57;60,39
475;Slovakia;1.7.1;133731,00;2515,43;53,16
476;Slovenia;1.7.1;147321,00;1215,08;121,24
477;Spain;1.7.1;1522763,00;39267,92;38,78
478;Sweden;1.7.1;227090,00;79416,83;2,86
479;United Kingdom;1.7.1;944448,00;14389,93;65,63
480;United States;1.7.1;5314520,17;211627,05;25,11
481;AT, BE, CZ, DE, DK, EE, ES, FI, FR, HU, IT, LT, LU, LV, NL, RO, SE, SI, SK and UK – Growth Accounts available from 2009;1.9.1;13515054,30;237439,19;56,92
482;AT, BE, CZ, DE, DK, ES, FI, FR, IT, NL, SE and UK – Growth Accounts available from 2000;1.9.1;9464926,30;214758,12;44,07
483;Austria;1.9.1;393067,00;5162,54;76,14
484;Belgium;1.9.1;152064,30;3073,67;49,47
485;Bulgaria;1.9.1;925656,00;4367,64;211,93
486;Croatia;1.9.1;192430,00;13640,02;14,11
487;Cyprus;1.9.1;43733,00;432,47;101,12
488;Czechia;1.9.1;332005,00;123723,88;2,68
489;Denmark;1.9.1;101183,00;27604,81;3,67
490;EU12 without UK;1.9.1;8520478,30;198492,98;42,93
491;EU20 without UK;1.9.1;12570606,30;221174,05;56,84
492;Estonia;1.9.1;42401,00;582,56;72,78
493;Euro area - 19 countries  (from 2015);1.9.1;10514452,30;204944,38;51,30
494;European Union - 15 countries (1995-2004);1.9.1;11238796,30;226228,23;49,68
495;European Union - 27 countries (from 2020);1.9.1;19035943,30;256253,54;74,29
496;European Union - 28 countries (2013-2020);1.9.1;19980391,30;272518,68;73,32
497;Finland;1.9.1;184200,00;6580,28;27,99
498;France;1.9.1;1684040,00;46031,24;36,58
499;Germany (until 1990 former territory of the FRG);1.9.1;1055000,00;26345,91;40,04
500;Greece;1.9.1;1201032,00;7765,96;154,65
501;Hungary;1.9.1;497612,00;1767564,14;0,28
502;Ireland;1.9.1;272430,00;3432,44;79,37
503;Italy;1.9.1;2470677,00;40673,96;60,74
504;Japan;1.9.1;3931993,31;8345446,51;0,47
505;Latvia;1.9.1;134611,00;1237,29;108,80
506;Lithuania;1.9.1;193901,00;1547,88;125,27
507;Luxembourg;1.9.1;2781,00;161,08;17,26
508;Netherlands;1.9.1;398389,00;15087,87;26,40
509;Poland;1.9.1;3158023,00;58588,33;53,90
510;Portugal;1.9.1;629632,00;4934,74;127,59
511;Romania;1.9.1;2940171,00;48687,57;60,39
512;Slovakia;1.9.1;133731,00;2515,43;53,16
513;Slovenia;1.9.1;147321,00;1215,08;121,24
514;Spain;1.9.1;1522763,00;39267,92;38,78
515;Sweden;1.9.1;227090,00;79416,83;2,86
516;United Kingdom;1.9.1;944448,00;14389,93;65,63
517;United States;1.9.1;5314520,17;211627,05;25,11
518;AT, BE, CZ, DE, DK, EE, ES, FI, FR, HU, IT, LT, LU, LV, NL, RO, SE, SI, SK and UK – Growth Accounts available from 2009;1.2.1;13515054,30;237439,19;56,92
519;AT, BE, CZ, DE, DK, ES, FI, FR, IT, NL, SE and UK – Growth Accounts available from 2000;1.2.1;9464926,30;214758,12;44,07
520;Austria;1.2.1;393067,00;5162,54;76,14
521;Belgium;1.2.1;152064,30;3073,67;49,47
522;Bulgaria;1.2.1;925656,00;4367,64;211,93
523;Croatia;1.2.1;192430,00;13640,02;14,11
524;Cyprus;1.2.1;43733,00;432,47;101,12
525;Czechia;1.2.1;332005,00;123723,88;2,68
526;Denmark;1.2.1;101183,00;27604,81;3,67
527;EU12 without UK;1.2.1;8520478,30;198492,98;42,93
528;EU20 without UK;1.2.1;12570606,30;221174,05;56,84
529;Estonia;1.2.1;42401,00;582,56;72,78
530;Euro area - 19 countries  (from 2015);1.2.1;10514452,30;204944,38;51,30
531;European Union - 15 countries (1995-2004);1.2.1;11238796,30;226228,23;49,68
532;European Union - 27 countries (from 2020);1.2.1;19035943,30;256253,54;74,29
533;European Union - 28 countries (2013-2020);1.2.1;19980391,30;272518,68;73,32
534;Finland;1.2.1;184200,00;6580,28;27,99
535;France;1.2.1;1684040,00;46031,24;36,58
536;Germany (until 1990 former territory of the FRG);1.2.1;1055000,00;26345,91;40,04
537;Greece;1.2.1;1201032,00;7765,96;154,65
538;Hungary;1.2.1;497612,00;1767564,14;0,28
539;Ireland;1.2.1;272430,00;3432,44;79,37
540;Italy;1.2.1;2470677,00;40673,96;60,74
541;Japan;1.2.1;3931993,31;8345446,51;0,47
542;Latvia;1.2.1;134611,00;1237,29;108,80
543;Lithuania;1.2.1;193901,00;1547,88;125,27
544;Luxembourg;1.2.1;2781,00;161,08;17,26
545;Netherlands;1.2.1;398389,00;15087,87;26,40
546;Poland;1.2.1;3158023,00;58588,33;53,90
547;Portugal;1.2.1;629632,00;4934,74;127,59
548;Romania;1.2.1;2940171,00;48687,57;60,39
549;Slovakia;1.2.1;133731,00;2515,43;53,16
550;Slovenia;1.2.1;147321,00;1215,08;121,24
551;Spain;1.2.1;1522763,00;39267,92;38,78
552;Sweden;1.2.1;227090,00;79416,83;2,86
553;United Kingdom;1.2.1;944448,00;14389,93;65,63
554;United States;1.2.1;5314520,17;211627,05;25,11
555;AT, BE, CZ, DE, DK, EE, ES, FI, FR, HU, IT, LT, LU, LV, NL, RO, SE, SI, SK and UK – Growth Accounts available from 2009;1.1.2;13515054,30;237439,19;56,92
556;AT, BE, CZ, DE, DK, ES, FI, FR, IT, NL, SE and UK – Growth Accounts available from 2000;1.1.2;9464926,30;214758,12;44,07
557;Austria;1.1.2;393067,00;5162,54;76,14
558;Belgium;1.1.2;152064,30;3073,67;49,47
559;Bulgaria;1.1.2;925656,00;4367,64;211,93
560;Croatia;1.1.2;192430,00;13640,02;14,11
561;Cyprus;1.1.2;43733,00;432,47;101,12
562;Czechia;1.1.2;332005,00;123723,88;2,68
563;Denmark;1.1.2;101183,00;27604,81;3,67
564;EU12 without UK;1.1.2;8520478,30;198492,98;42,93
565;EU20 without UK;1.1.2;12570606,30;221174,05;56,84
566;Estonia;1.1.2;42401,00;582,56;72,78
567;Euro area - 19 countries  (from 2015);1.1.2;10514452,30;204944,38;51,30
568;European Union - 15 countries (1995-2004);1.1.2;11238796,30;226228,23;49,68
569;European Union - 27 countries (from 2020);1.1.2;19035943,30;256253,54;74,29
570;European Union - 28 countries (2013-2020);1.1.2;19980391,30;272518,68;73,32
571;Finland;1.1.2;184200,00;6580,28;27,99
572;France;1.1.2;1684040,00;46031,24;36,58
573;Germany (until 1990 former territory of the FRG);1.1.2;1055000,00;26345,91;40,04
574;Greece;1.1.2;1201032,00;7765,96;154,65
575;Hungary;1.1.2;497612,00;1767564,14;0,28
576;Ireland;1.1.2;272430,00;3432,44;79,37
577;Italy;1.1.2;2470677,00;40673,96;60,74
578;Japan;1.1.2;3931993,31;8345446,51;0,47
579;Latvia;1.1.2;134611,00;1237,29;108,80
580;Lithuania;1.1.2;193901,00;1547,88;125,27
581;Luxembourg;1.1.2;2781,00;161,08;17,26
582;Netherlands;1.1.2;398389,00;15087,87;26,40
583;Poland;1.1.2;3158023,00;58588,33;53,90
584;Portugal;1.1.2;629632,00;4934,74;127,59
585;Romania;1.1.2;2940171,00;48687,57;60,39
586;Slovakia;1.1.2;133731,00;2515,43;53,16
587;Slovenia;1.1.2;147321,00;1215,08;121,24
588;Spain;1.1.2;1522763,00;39267,92;38,78
589;Sweden;1.1.2;227090,00;79416,83;2,86
590;United Kingdom;1.1.2;944448,00;14389,93;65,63
591;United States;1.1.2;5314520,17;211627,05;25,11
592;AT, BE, CZ, DE, DK, EE, ES, FI, FR, HU, IT, LT, LU, LV, NL, RO, SE, SI, SK and UK – Growth Accounts available from 2009;1.1.3;13515054,30;237439,19;56,92
593;AT, BE, CZ, DE, DK, ES, FI, FR, IT, NL, SE and UK – Growth Accounts available from 2000;1.1.3;9464926,30;214758,12;44,07
594;Austria;1.1.3;393067,00;5162,54;76,14
595;Belgium;1.1.3;152064,30;3073,67;49,47
596;Bulgaria;1.1.3;925656,00;4367,64;211,93
597;Croatia;1.1.3;192430,00;13640,02;14,11
598;Cyprus;1.1.3;43733,00;432,47;101,12
599;Czechia;1.1.3;332005,00;123723,88;2,68
600;Denmark;1.1.3;101183,00;27604,81;3,67
601;EU12 without UK;1.1.3;8520478,30;198492,98;42,93
602;EU20 without UK;1.1.3;12570606,30;221174,05;56,84
603;Estonia;1.1.3;42401,00;582,56;72,78
604;Euro area - 19 countries  (from 2015);1.1.3;10514452,30;204944,38;51,30
605;European Union - 15 countries (1995-2004);1.1.3;11238796,30;226228,23;49,68
606;European Union - 27 countries (from 2020);1.1.3;19035943,30;256253,54;74,29
607;European Union - 28 countries (2013-2020);1.1.3;19980391,30;272518,68;73,32
608;Finland;1.1.3;184200,00;6580,28;27,99
609;France;1.1.3;1684040,00;46031,24;36,58
610;Germany (until 1990 former territory of the FRG);1.1.3;1055000,00;26345,91;40,04
611;Greece;1.1.3;1201032,00;7765,96;154,65
612;Hungary;1.1.3;497612,00;1767564,14;0,28
613;Ireland;1.1.3;272430,00;3432,44;79,37
614;Italy;1.1.3;2470677,00;40673,96;60,74
615;Japan;1.1.3;3931993,31;8345446,51;0,47
616;Latvia;1.1.3;134611,00;1237,29;108,80
617;Lithuania;1.1.3;193901,00;1547,88;125,27
618;Luxembourg;1.1.3;2781,00;161,08;17,26
619;Netherlands;1.1.3;398389,00;15087,87;26,40
620;Poland;1.1.3;3158023,00;58588,33;53,90
621;Portugal;1.1.3;629632,00;4934,74;127,59
622;Romania;1.1.3;2940171,00;48687,57;60,39
623;Slovakia;1.1.3;133731,00;2515,43;53,16
624;Slovenia;1.1.3;147321,00;1215,08;121,24
625;Spain;1.1.3;1522763,00;39267,92;38,78
626;Sweden;1.1.3;227090,00;79416,83;2,86
627;United Kingdom;1.1.3;944448,00;14389,93;65,63
628;United States;1.1.3;5314520,17;211627,05;25,11
629;AT, BE, CZ, DE, DK, EE, ES, FI, FR, HU, IT, LT, LU, LV, NL, RO, SE, SI, SK and UK – Growth Accounts available from 2009;6.1.1;587021,70;67517,61;8,69
630;AT, BE, CZ, DE, DK, ES, FI, FR, IT, NL, SE and UK – Growth Accounts available from 2000;6.1.1;415346,70;64443,13;6,45
631;Austria;6.1.1;10902,00;1360,70;8,01
632;Belgium;6.1.1;3971,70;289,33;13,73
633;Bulgaria;6.1.1;37651,00;2095,96;17,96
634;Croatia;6.1.1;10758,00;1466,51;7,34
635;Cyprus;6.1.1;1007,00;25,74;39,11
636;Czechia;6.1.1;43107,00;39162,81;1,10
637;Denmark;6.1.1;7843,00;29549,84;0,27
638;EU12 without UK;6.1.1;281434,70;35842,65;7,85
639;EU20 without UK;6.1.1;453109,70;38917,13;11,64
640;Estonia;6.1.1;8555,00;293,94;29,10
641;Euro area - 19 countries  (from 2015);6.1.1;301742,70;30498,15;9,89
642;European Union - 15 countries (1995-2004);6.1.1;427534,70;65251,83;6,55
643;European Union - 27 countries (from 2020);6.1.1;964977,70;51790,10;18,63
644;European Union - 28 countries (2013-2020);6.1.1;1098889,70;80390,58;13,67
645;Finland;6.1.1;12100,00;1170,33;10,34
646;France;6.1.1;23612,00;2300,50;10,26
647;Germany (until 1990 former territory of the FRG);6.1.1;75000,00;5087,55;14,74
648;Greece;6.1.1;21560,00;839,42;25,68
649;Hungary;6.1.1;11087,00;121915,84;0,09
650;Ireland;6.1.1;11918,00;739,87;16,11
651;Italy;6.1.1;40118,00;5487,66;7,31
652;Japan;6.1.1;81592,39;317822,02;0,26
653;Latvia;6.1.1;5519,00;154,82;35,65
654;Lithuania;6.1.1;6777,00;147,15;46,06
655;Luxembourg;6.1.1;517,00;43,81;11,80
656;Netherlands;6.1.1;14821,00;8461,54;1,75
657;Poland;6.1.1;399119,00;38319,61;10,42
658;Portugal;6.1.1;21300,00;712,59;29,89
659;Romania;6.1.1;133143,00;8326,44;15,99
660;Slovakia;6.1.1;10865,00;388,30;27,98
661;Slovenia;6.1.1;3767,00;168,99;22,29
662;Spain;6.1.1;33200,00;2994,90;11,09
663;Sweden;6.1.1;16760,00;32810,46;0,51
664;United Kingdom;6.1.1;133912,00;25303,13;5,29
665;United States;6.1.1;1485240,60;338933,94;4,38
666;AT, BE, CZ, DE, DK, EE, ES, FI, FR, HU, IT, LT, LU, LV, NL, RO, SE, SI, SK and UK – Growth Accounts available from 2009;3.1.1;6454720,30;284938,01;22,65
667;AT, BE, CZ, DE, DK, ES, FI, FR, IT, NL, SE and UK – Growth Accounts available from 2000;3.1.1;5616580,30;266091,42;21,11
668;Austria;3.1.1;132623,00;7375,30;17,98
669;Belgium;3.1.1;154551,30;10076,85;15,34
670;Bulgaria;3.1.1;193038,00;2857,56;67,55
671;Croatia;3.1.1;106064,00;13594,44;7,80
672;Cyprus;3.1.1;25369,00;420,77;60,29
673;Czechia;3.1.1;231860,00;119648,41;1,94
674;Denmark;3.1.1;67547,00;35640,03;1,90
675;EU12 without UK;3.1.1;4814817,30;225953,84;21,31
676;EU20 without UK;3.1.1;5652957,30;244800,43;23,09
677;Euro area - 19 countries  (from 2015);3.1.1;5207242,30;238117,75;21,87
678;European Union - 15 countries (1995-2004);3.1.1;5972897,30;283669,97;21,06
679;European Union - 27 countries (from 2020);3.1.1;7621481,30;287334,66;26,52
680;European Union - 28 countries (2013-2020);3.1.1;8423244,30;327472,24;25,72
681;Finland;3.1.1;57700,00;3238,18;17,82
682;France;3.1.1;980288,00;51169,58;19,16
683;Germany (until 1990 former territory of the FRG);3.1.1;1325000,00;55332,44;23,95
684;Greece;3.1.1;255269,00;5915,52;43,15
685;Hungary;3.1.1;212531,00;923322,20;0,23
686;Ireland;3.1.1;109241,00;10961,15;9,97
687;Italy;3.1.1;855286,00;34820,68;24,56
688;Japan;3.1.1;2908914,90;16130571,44;0,18
689;Lithuania;3.1.1;83097,00;1828,00;45,46
690;Luxembourg;3.1.1;8362,00;332,91;25,12
691;Malta;3.1.1;7217,00;180,57;39,97
692;Netherlands;3.1.1;212940,00;19156,26;11,12
693;Poland;3.1.1;1057021,00;69113,00;15,29
694;Portugal;3.1.1;215305,00;5034,17;42,77
695;Romania;3.1.1;427805,00;51573,82;8,30
696;Slovakia;3.1.1;77942,00;1255,00;62,11
697;Slovenia;3.1.1;28403,00;746,25;38,06
698;Spain;3.1.1;707052,00;29802,57;23,72
699;Sweden;3.1.1;89970,00;56779,11;1,58
700;United Kingdom;3.1.1;801763,00;35510,12;22,58
701;United States;3.1.1;3882218,47;273863,35;14,18
702;AT, BE, CZ, DE, DK, EE, ES, FI, FR, HU, IT, LT, LU, LV, NL, RO, SE, SI, SK and UK – Growth Accounts available from 2009;3.2.1;37813133,60;2087093,37;18,12
703;AT, BE, CZ, DE, DK, ES, FI, FR, IT, NL, SE and UK – Growth Accounts available from 2000;3.2.1;32400730,60;1986038,97;16,31
704;Austria;3.2.1;923515,00;69461,97;13,30
705;Belgium;3.2.1;653117,60;56086,84;11,64
706;Bulgaria;3.2.1;852064,00;14596,72;58,37
707;Croatia;3.2.1;404154,00;43246,55;9,35
708;Cyprus;3.2.1;38754,00;918,90;42,17
709;Czechia;3.2.1;2248220,00;1329243,42;1,69
710;Denmark;3.2.1;380385,00;305607,41;1,24
711;EU12 without UK;3.2.1;28420886,60;1769685,26;16,06
712;EU20 without UK;3.2.1;33833289,60;1870739,66;18,09
713;Euro area - 19 countries  (from 2015);3.2.1;28172514,60;1693278,56;16,64
714;European Union - 15 countries (1995-2004);3.2.1;32153875,60;1976502,66;16,27
715;European Union - 27 countries (from 2020);3.2.1;43117210,60;2012302,07;21,43
716;European Union - 28 countries (2013-2020);3.2.1;47097054,60;2228655,77;21,13
717;Finland;3.2.1;472900,00;37124,49;12,74
718;France;3.2.1;3060975,00;224586,84;13,63
719;Germany (until 1990 former territory of the FRG);3.2.1;9906000,00;740627,35;13,38
720;Greece;3.2.1;441633,00;10770,07;41,01
721;Hungary;3.2.1;1308279,00;8611827,33;0,15
722;Ireland;3.2.1;340823,00;5508,92;61,87
723;Italy;3.2.1;6065642,00;279099,11;21,73
724;Japan;3.2.1;16950778,20;117058413,49;0,14
725;Lithuania;3.2.1;343176,00;6665,31;51,49
726;Luxembourg;3.2.1;18257,00;1334,12;13,68
727;Malta;3.2.1;28960,00;705,97;41,02
728;Netherlands;3.2.1;1074394,00;81911,00;13,12
729;Poland;3.2.1;5976881,00;349982,95;17,08
730;Portugal;3.2.1;1200652,00;24679,00;48,65
731;Romania;3.2.1;2597395,00;158639,98;16,37
732;Slovakia;3.2.1;833208,00;18784,73;44,36
733;Slovenia;3.2.1;312088,00;10250,45;30,45
734;Spain;3.2.1;2770508,00;128526,82;21,56
735;Sweden;3.2.1;865230,00;609639,42;1,42
736;United Kingdom;3.2.1;3979844,00;191410,29;20,79
737;United States;3.2.1;22143730,16;2353642,34;9,41
738;AT, BE, CZ, DE, DK, EE, ES, FI, FR, HU, IT, LT, LU, LV, NL, RO, SE, SI, SK and UK – Growth Accounts available from 2009;7.1.3;1655123,10;270798,17;6,11
739;AT, BE, CZ, DE, DK, ES, FI, FR, IT, NL, SE and UK – Growth Accounts available from 2000;7.1.3;1348181,10;257654,08;5,23
740;Austria;7.1.3;42762,00;7094,70;6,03
741;Belgium;7.1.3;28962,10;6136,95;4,72
742;Bulgaria;7.1.3;52552,00;3607,70;14,57
743;Croatia;7.1.3;24419,00;9887,66;2,47
744;Cyprus;7.1.3;3526,00;235,36;14,98
745;Czechia;7.1.3;66773,00;160066,57;0,42
746;Denmark;7.1.3;15744,00;31426,38;0,50
747;EU12 without UK;7.1.3;1074723,10;221494,35;4,85
748;EU20 without UK;7.1.3;1381665,10;234638,43;5,89
749;Estonia;7.1.3;12157,00;875,56;13,88
750;Euro area - 19 countries  (from 2015);7.1.3;1125917,10;220383,59;5,11
751;European Union - 15 countries (1995-2004);7.1.3;1377208,10;266618,67;5,17
752;European Union - 27 countries (from 2020);7.1.3;1884204,10;267891,03;7,03
753;European Union - 28 countries (2013-2020);7.1.3;2157662,10;304050,77;7,10
754;Finland;7.1.3;20500,00;4899,78;4,18
755;France;7.1.3;198521,00;41254,28;4,81
756;Germany (until 1990 former territory of the FRG);7.1.3;393000,00;69420,05;5,66
757;Greece;7.1.3;58599,00;5530,29;10,60
758;Hungary;7.1.3;50808,00;688409,09;0,07
759;Ireland;7.1.3;18455,00;3623,05;5,09
760;Italy;7.1.3;145593,00;30460,83;4,78
761;Japan;7.1.3;330324,95;8764928,64;0,04
762;Latvia;7.1.3;22260,00;479,59;46,42
763;Lithuania;7.1.3;22797,00;829,27;27,49
764;Luxembourg;7.1.3;2408,00;517,49;4,65
765;Netherlands;7.1.3;45909,00;9555,10;4,80
766;Poland;7.1.3;316493,00;60836,87;5,20
767;Portugal;7.1.3;16338,00;5534,90;2,95
768;Romania;7.1.3;166289,00;27673,54;6,01
769;Slovakia;7.1.3;28561,00;2167,52;13,18
770;Slovenia;7.1.3;13819,00;1045,26;13,22
771;Spain;7.1.3;65569,00;31768,86;2,06
772;Sweden;7.1.3;51390,00;107159,81;0,48
773;United Kingdom;7.1.3;273458,00;31990,88;8,55
774;AT, BE, CZ, DE, DK, EE, ES, FI, FR, HU, IT, LT, LU, LV, NL, RO, SE, SI, SK and UK – Growth Accounts available from 2009;7.1.2;1655123,10;270798,17;6,11
775;AT, BE, CZ, DE, DK, ES, FI, FR, IT, NL, SE and UK – Growth Accounts available from 2000;7.1.2;1348181,10;257654,08;5,23
776;Austria;7.1.2;42762,00;7094,70;6,03
777;Belgium;7.1.2;28962,10;6136,95;4,72
778;Bulgaria;7.1.2;52552,00;3607,70;14,57
779;Croatia;7.1.2;24419,00;9887,66;2,47
780;Cyprus;7.1.2;3526,00;235,36;14,98
781;Czechia;7.1.2;66773,00;160066,57;0,42
782;Denmark;7.1.2;15744,00;31426,38;0,50
783;EU12 without UK;7.1.2;1074723,10;221494,35;4,85
784;EU20 without UK;7.1.2;1381665,10;234638,43;5,89
785;Estonia;7.1.2;12157,00;875,56;13,88
786;Euro area - 19 countries  (from 2015);7.1.2;1125917,10;220383,59;5,11
787;European Union - 15 countries (1995-2004);7.1.2;1377208,10;266618,67;5,17
788;European Union - 27 countries (from 2020);7.1.2;1884204,10;267891,03;7,03
789;European Union - 28 countries (2013-2020);7.1.2;2157662,10;304050,77;7,10
790;Finland;7.1.2;20500,00;4899,78;4,18
791;France;7.1.2;198521,00;41254,28;4,81
792;Germany (until 1990 former territory of the FRG);7.1.2;393000,00;69420,05;5,66
793;Greece;7.1.2;58599,00;5530,29;10,60
794;Hungary;7.1.2;50808,00;688409,09;0,07
795;Ireland;7.1.2;18455,00;3623,05;5,09
796;Italy;7.1.2;145593,00;30460,83;4,78
797;Japan;7.1.2;330324,95;8764928,64;0,04
798;Latvia;7.1.2;22260,00;479,59;46,42
799;Lithuania;7.1.2;22797,00;829,27;27,49
800;Luxembourg;7.1.2;2408,00;517,49;4,65
801;Netherlands;7.1.2;45909,00;9555,10;4,80
802;Poland;7.1.2;316493,00;60836,87;5,20
803;Portugal;7.1.2;16338,00;5534,90;2,95
804;Romania;7.1.2;166289,00;27673,54;6,01
805;Slovakia;7.1.2;28561,00;2167,52;13,18
806;Slovenia;7.1.2;13819,00;1045,26;13,22
807;Spain;7.1.2;65569,00;31768,86;2,06
808;Sweden;7.1.2;51390,00;107159,81;0,48
809;United Kingdom;7.1.2;273458,00;31990,88;8,55
810;AT, BE, CZ, DE, DK, EE, ES, FI, FR, HU, IT, LT, LU, LV, NL, RO, SE, SI, SK and UK – Growth Accounts available from 2009;7.1.1;1655123,10;270798,17;6,11
811;AT, BE, CZ, DE, DK, ES, FI, FR, IT, NL, SE and UK – Growth Accounts available from 2000;7.1.1;1348181,10;257654,08;5,23
812;Austria;7.1.1;42762,00;7094,70;6,03
813;Belgium;7.1.1;28962,10;6136,95;4,72
814;Bulgaria;7.1.1;52552,00;3607,70;14,57
815;Croatia;7.1.1;24419,00;9887,66;2,47
816;Cyprus;7.1.1;3526,00;235,36;14,98
817;Czechia;7.1.1;66773,00;160066,57;0,42
818;Denmark;7.1.1;15744,00;31426,38;0,50
819;EU12 without UK;7.1.1;1074723,10;221494,35;4,85
820;EU20 without UK;7.1.1;1381665,10;234638,43;5,89
821;Estonia;7.1.1;12157,00;875,56;13,88
822;Euro area - 19 countries  (from 2015);7.1.1;1125917,10;220383,59;5,11
823;European Union - 15 countries (1995-2004);7.1.1;1377208,10;266618,67;5,17
824;European Union - 27 countries (from 2020);7.1.1;1884204,10;267891,03;7,03
825;European Union - 28 countries (2013-2020);7.1.1;2157662,10;304050,77;7,10
826;Finland;7.1.1;20500,00;4899,78;4,18
827;France;7.1.1;198521,00;41254,28;4,81
828;Germany (until 1990 former territory of the FRG);7.1.1;393000,00;69420,05;5,66
829;Greece;7.1.1;58599,00;5530,29;10,60
830;Hungary;7.1.1;50808,00;688409,09;0,07
831;Ireland;7.1.1;18455,00;3623,05;5,09
832;Italy;7.1.1;145593,00;30460,83;4,78
833;Japan;7.1.1;330324,95;8764928,64;0,04
834;Latvia;7.1.1;22260,00;479,59;46,42
835;Lithuania;7.1.1;22797,00;829,27;27,49
836;Luxembourg;7.1.1;2408,00;517,49;4,65
837;Netherlands;7.1.1;45909,00;9555,10;4,80
838;Poland;7.1.1;316493,00;60836,87;5,20
839;Portugal;7.1.1;16338,00;5534,90;2,95
840;Romania;7.1.1;166289,00;27673,54;6,01
841;Slovakia;7.1.1;28561,00;2167,52;13,18
842;Slovenia;7.1.1;13819,00;1045,26;13,22
843;Spain;7.1.1;65569,00;31768,86;2,06
844;Sweden;7.1.1;51390,00;107159,81;0,48
845;United Kingdom;7.1.1;273458,00;31990,88;8,55
846;AT, BE, CZ, DE, DK, EE, ES, FI, FR, HU, IT, LT, LU, LV, NL, RO, SE, SI, SK and UK – Growth Accounts available from 2009;7.2.1;2513707,20;153543,62;16,37
847;AT, BE, CZ, DE, DK, ES, FI, FR, IT, NL, SE and UK – Growth Accounts available from 2000;7.2.1;2106482,20;148232,26;14,21
848;Austria;7.2.1;42299,00;4214,94;10,04
849;Belgium;7.2.1;52137,20;4598,87;11,34
850;Bulgaria;7.2.1;65375,00;1109,39;58,93
851;Croatia;7.2.1;55932,00;4937,69;11,33
852;Cyprus;7.2.1;5516,00;172,66;31,95
853;Czechia;7.2.1;106829,00;58715,88;1,82
854;Denmark;7.2.1;16935,00;19003,92;0,89
855;EU12 without UK;7.2.1;1734495,20;115760,71;14,98
856;EU20 without UK;7.2.1;2141720,20;121072,07;17,69
857;Estonia;7.2.1;6012,00;210,68;28,54
858;Euro area - 19 countries  (from 2015);7.2.1;1814462,20;115926,75;15,65
859;European Union - 15 countries (1995-2004);7.2.1;2147282,20;152054,90;14,12
860;European Union - 27 countries (from 2020);7.2.1;2734648,20;135393,51;20,20
861;European Union - 28 countries (2013-2020);7.2.1;3106635,20;167865,05;18,51
862;Finland;7.2.1;22900,00;2177,68;10,52
863;France;7.2.1;248231,00;17969,40;13,81
864;Germany (until 1990 former territory of the FRG);7.2.1;444000,00;39463,96;11,25
865;Greece;7.2.1;52240,00;2336,05;22,36
866;Hungary;7.2.1;84308,00;369077,81;0,23
867;Ireland;7.2.1;15601,00;1472,18;10,60
868;Italy;7.2.1;389696,00;19705,05;19,78
869;Japan;7.2.1;858260,81;7949732,27;0,11
870;Latvia;7.2.1;13911,00;255,56;54,43
871;Lithuania;7.2.1;32944,00;482,89;68,22
872;Luxembourg;7.2.1;4292,00;314,37;13,65
873;Malta;7.2.1;3420,00;102,03;33,52
874;Netherlands;7.2.1;62541,00;5235,17;11,95
875;Poland;7.2.1;313336,00;29001,88;10,80
876;Portugal;7.2.1;75496,00;1989,44;37,95
877;Romania;7.2.1;212283,00;8696,43;24,41
878;Slovakia;7.2.1;43559,00;826,43;52,71
879;Slovenia;7.2.1;15928,00;406,13;39,22
880;Spain;7.2.1;299667,00;14399,38;20,81
881;Sweden;7.2.1;49260,00;32386,50;1,52
882;United Kingdom;7.2.1;371987,00;28727,90;12,95
883;AT, BE, CZ, DE, DK, EE, ES, FI, FR, HU, IT, LT, LU, LV, NL, RO, SE, SI, SK and UK – Growth Accounts available from 2009;5.1.1;23570325,60;848318,44;27,78
884;AT, BE, CZ, DE, DK, ES, FI, FR, IT, NL, SE and UK – Growth Accounts available from 2000;5.1.1;20811313,60;808799,56;25,73
885;Austria;5.1.1;498167,00;26492,71;18,80
886;Belgium;5.1.1;488732,60;25580,42;19,11
887;Bulgaria;5.1.1;321794,00;4692,64;68,57
888;Croatia;5.1.1;226553,00;20177,08;11,23
889;Cyprus;5.1.1;61635,00;1253,94;49,15
890;Czechia;5.1.1;773810,00;321982,52;2,40
891;Denmark;5.1.1;301947,00;139312,48;2,17
892;EU12 without UK;5.1.1;16312989,60;644347,47;25,32
893;EU20 without UK;5.1.1;19072001,60;683866,35;27,89
894;Estonia;5.1.1;90250,00;1798,24;50,19
895;Euro area - 19 countries  (from 2015);5.1.1;16817372,60;621182,78;27,07
896;European Union - 15 countries (1995-2004);5.1.1;21406559,60;821004,24;26,07
897;European Union - 27 countries (from 2020);5.1.1;23646104,60;752851,14;31,41
898;European Union - 28 countries (2013-2020);5.1.1;28144428,60;917303,24;30,68
899;Finland;5.1.1;426100,00;17684,79;24,09
900;France;5.1.1;3002335,00;138738,54;21,64
901;Germany (until 1990 former territory of the FRG);5.1.1;4025000,00;175175,71;22,98
902;Greece;5.1.1;393577,00;2680,77;146,82
903;Hungary;5.1.1;581929,00;2191264,64;0,27
904;Ireland;5.1.1;312218,00;9439,25;33,08
905;Italy;5.1.1;2815530,00;79243,94;35,53
906;Japan;5.1.1;9458798,50;35664229,81;0,27
907;Latvia;5.1.1;137779,00;1899,68;72,53
908;Lithuania;5.1.1;206753,00;3399,02;60,83
909;Luxembourg;5.1.1;77082,00;3824,64;20,15
910;Malta;5.1.1;24009,00;521,51;46,04
911;Netherlands;5.1.1;893647,00;38432,98;23,25
912;Poland;5.1.1;2557888,00;167721,52;15,25
913;Portugal;5.1.1;586179,00;8814,41;66,50
914;Romania;5.1.1;1315074,00;61947,68;21,23
915;Slovakia;5.1.1;334138,00;7512,88;44,48
916;Slovenia;5.1.1;106257,00;2700,49;39,35
917;Spain;5.1.1;2444241,00;78689,36;31,06
918;Sweden;5.1.1;643480,00;339170,14;1,90
919;United Kingdom;5.1.1;4498324,00;145492,41;30,92
920;United States;5.1.1;17608865,37;989167,50;17,80
921;AT, BE, CZ, DE, DK, EE, ES, FI, FR, HU, IT, LT, LU, LV, NL, RO, SE, SI, SK and UK – Growth Accounts available from 2009;2.2.1;5841191,00;794418,75;7,35
922;AT, BE, CZ, DE, DK, ES, FI, FR, IT, NL, SE and UK – Growth Accounts available from 2000;2.2.1;4754399,00;762676,65;6,23
923;Austria;2.2.1;359837,00;24952,86;14,42
924;Croatia;2.2.1;71016,00;20150,63;3,52
925;Cyprus;2.2.1;38317,00;1037,82;36,92
926;Czechia;2.2.1;477690,00;324199,17;1,47
927;Denmark;2.2.1;292503,00;196512,01;1,49
928;EU12 without UK;2.2.1;4754399,00;669338,65;7,10
929;EU20 without UK;2.2.1;5841191,00;701080,75;8,33
930;Euro area - 19 countries  (from 2015);2.2.1;4956468,00;664088,51;7,46
931;European Union - 15 countries (1995-2004);2.2.1;5378263,00;796425,49;6,75
932;European Union - 27 countries (from 2020);2.2.1;8030552,00;788791,65;10,18
933;European Union - 28 countries (2013-2020);2.2.1;8030552,00;882129,66;9,10
934;Finland;2.2.1;155300,00;9509,05;16,33
935;Greece;2.2.1;481042,00;12193,95;39,45
936;Hungary;2.2.1;330620,00;2058419,06;0,16
937;Ireland;2.2.1;183255,00;15893,99;11,53
938;Japan;2.2.1;6567983,50;54244842,55;0,12
939;Luxembourg;2.2.1;29866,00;4088,82;7,30
940;Malta;2.2.1;22854,00;574,53;39,78
941;Netherlands;2.2.1;841046,00;70252,62;11,97
942;Poland;2.2.1;985486,00;147719,69;6,67
943;Portugal;2.2.1;407391,00;14212,91;28,66
944;Romania;2.2.1;410661,00;38335,55;10,71
945;Slovakia;2.2.1;243317,00;4245,89;57,31
946;Slovenia;2.2.1;72328,00;2626,92;27,53
947;Spain;2.2.1;2194243,00;76250,69;28,78
948;Sweden;2.2.1;433780,00;271765,98;1,60
949;United States;2.2.1;11207868,07;1138440,15;9,84
950;AT, BE, CZ, DE, DK, EE, ES, FI, FR, HU, IT, LT, LU, LV, NL, RO, SE, SI, SK and UK – Growth Accounts available from 2009;2.1.1;5841191,00;794418,75;7,35
951;AT, BE, CZ, DE, DK, ES, FI, FR, IT, NL, SE and UK – Growth Accounts available from 2000;2.1.1;4754399,00;762676,65;6,23
952;Austria;2.1.1;359837,00;24952,86;14,42
953;Croatia;2.1.1;71016,00;20150,63;3,52
954;Cyprus;2.1.1;38317,00;1037,82;36,92
955;Czechia;2.1.1;477690,00;324199,17;1,47
956;Denmark;2.1.1;292503,00;196512,01;1,49
957;EU12 without UK;2.1.1;4754399,00;669338,65;7,10
958;EU20 without UK;2.1.1;5841191,00;701080,75;8,33
959;Euro area - 19 countries  (from 2015);2.1.1;4956468,00;664088,51;7,46
960;European Union - 15 countries (1995-2004);2.1.1;5378263,00;796425,49;6,75
961;European Union - 27 countries (from 2020);2.1.1;8030552,00;788791,65;10,18
962;European Union - 28 countries (2013-2020);2.1.1;8030552,00;882129,66;9,10
963;Finland;2.1.1;155300,00;9509,05;16,33
964;Greece;2.1.1;481042,00;12193,95;39,45
965;Hungary;2.1.1;330620,00;2058419,06;0,16
966;Ireland;2.1.1;183255,00;15893,99;11,53
967;Japan;2.1.1;6567983,50;54244842,55;0,12
968;Luxembourg;2.1.1;29866,00;4088,82;7,30
969;Malta;2.1.1;22854,00;574,53;39,78
970;Netherlands;2.1.1;841046,00;70252,62;11,97
971;Poland;2.1.1;985486,00;147719,69;6,67
972;Portugal;2.1.1;407391,00;14212,91;28,66
973;Romania;2.1.1;410661,00;38335,55;10,71
974;Slovakia;2.1.1;243317,00;4245,89;57,31
975;Slovenia;2.1.1;72328,00;2626,92;27,53
976;Spain;2.1.1;2194243,00;76250,69;28,78
977;Sweden;2.1.1;433780,00;271765,98;1,60
978;United States;2.1.1;11207868,07;1138440,15;9,84
979;AT, BE, CZ, DE, DK, EE, ES, FI, FR, HU, IT, LT, LU, LV, NL, RO, SE, SI, SK and UK – Growth Accounts available from 2009;2.1.2;9054312,00;665504,22;13,61
980;AT, BE, CZ, DE, DK, ES, FI, FR, IT, NL, SE and UK – Growth Accounts available from 2000;2.1.2;6311934,00;632700,61;9,98
981;Austria;2.1.2;515869,00;17295,79;29,83
982;Croatia;2.1.2;305170,00;21062,68;14,49
983;Cyprus;2.1.2;70119,00;1227,01;57,15
984;Czechia;2.1.2;688925,00;238858,68;2,88
985;Denmark;2.1.2;258949,00;73298,30;3,53
986;EU12 without UK;2.1.2;6311934,00;502491,40;12,56
987;EU20 without UK;2.1.2;9054312,00;535295,01;16,91
988;Euro area - 19 countries  (from 2015);2.1.2;7652475,00;510833,80;14,98
989;European Union - 15 countries (1995-2004);2.1.2;7878524,00;655032,50;12,03
990;European Union - 27 countries (from 2020);2.1.2;14591467,00;616042,55;23,69
991;European Union - 28 countries (2013-2020);2.1.2;14591467,00;746251,76;19,55
992;Finland;2.1.2;223500,00;7958,45;28,08
993;Greece;2.1.2;1058588,00;8670,33;122,09
994;Hungary;2.1.2;592611,00;1923323,77;0,31
995;Ireland;2.1.2;319428,00;10716,81;29,81
996;Japan;2.1.2;12244158,00;33977696,87;0,36
997;Luxembourg;2.1.2;39817,00;1603,62;24,83
998;Malta;2.1.2;36787,00;573,83;64,11
999;Netherlands;2.1.2;927087,00;31520,86;29,41
1000;Poland;2.1.2;2909381,00;177027,44;16,43
1001;Portugal;2.1.2;837682,00;10654,45;78,62
1002;Romania;2.1.2;1636935,00;61847,53;26,47
1003;Slovakia;2.1.2;379274,00;4476,64;84,72
1004;Slovenia;2.1.2;93741,00;2341,24;40,04
1005;Spain;2.1.2;3244324,00;66734,56;48,62
1006;Sweden;2.1.2;453280,00;171445,07;2,64
1007;United States;2.1.2;25579281,58;1033807,58;24,74
1008;AT, BE, CZ, DE, DK, EE, ES, FI, FR, HU, IT, LT, LU, LV, NL, RO, SE, SI, SK and UK – Growth Accounts available from 2009;2.2.2;9054312,00;665504,22;13,61
1009;AT, BE, CZ, DE, DK, ES, FI, FR, IT, NL, SE and UK – Growth Accounts available from 2000;2.2.2;6311934,00;632700,61;9,98
1010;Austria;2.2.2;515869,00;17295,79;29,83
1011;Croatia;2.2.2;305170,00;21062,68;14,49
1012;Cyprus;2.2.2;70119,00;1227,01;57,15
1013;Czechia;2.2.2;688925,00;238858,68;2,88
1014;Denmark;2.2.2;258949,00;73298,30;3,53
1015;EU12 without UK;2.2.2;6311934,00;502491,40;12,56
1016;EU20 without UK;2.2.2;9054312,00;535295,01;16,91
1017;Euro area - 19 countries  (from 2015);2.2.2;7652475,00;510833,80;14,98
1018;European Union - 15 countries (1995-2004);2.2.2;7878524,00;655032,50;12,03
1019;European Union - 27 countries (from 2020);2.2.2;14591467,00;616042,55;23,69
1020;European Union - 28 countries (2013-2020);2.2.2;14591467,00;746251,76;19,55
1021;Finland;2.2.2;223500,00;7958,45;28,08
1022;Greece;2.2.2;1058588,00;8670,33;122,09
1023;Hungary;2.2.2;592611,00;1923323,77;0,31
1024;Ireland;2.2.2;319428,00;10716,81;29,81
1025;Japan;2.2.2;12244158,00;33977696,87;0,36
1026;Luxembourg;2.2.2;39817,00;1603,62;24,83
1027;Malta;2.2.2;36787,00;573,83;64,11
1028;Netherlands;2.2.2;927087,00;31520,86;29,41
1029;Poland;2.2.2;2909381,00;177027,44;16,43
1030;Portugal;2.2.2;837682,00;10654,45;78,62
1031;Romania;2.2.2;1636935,00;61847,53;26,47
1032;Slovakia;2.2.2;379274,00;4476,64;84,72
1033;Slovenia;2.2.2;93741,00;2341,24;40,04
1034;Spain;2.2.2;3244324,00;66734,56;48,62
1035;Sweden;2.2.2;453280,00;171445,07;2,64
1036;United States;2.2.2;25579281,58;1033807,58;24,74
1037;AT, BE, CZ, DE, DK, EE, ES, FI, FR, HU, IT, LT, LU, LV, NL, RO, SE, SI, SK and UK – Growth Accounts available from 2009;10.1.2;5761310,00;682844,69;8,44
1038;AT, BE, CZ, DE, DK, ES, FI, FR, IT, NL, SE and UK – Growth Accounts available from 2000;10.1.2;3947744,00;641714,43;6,15
1039;Austria;10.1.2;384458,00;22227,81;17,30
1040;Croatia;10.1.2;178296,00;16463,80;10,83
1041;Cyprus;10.1.2;32650,00;961,65;33,95
1042;Czechia;10.1.2;591456,00;325153,39;1,82
1043;Denmark;10.1.2;187574,00;85690,06;2,19
1044;EU12 without UK;10.1.2;3947744,00;547855,84;7,21
1045;EU20 without UK;10.1.2;5761310,00;588986,10;9,78
1046;Euro area - 19 countries  (from 2015);10.1.2;4048507,00;555214,66;7,29
1047;European Union - 15 countries (1995-2004);10.1.2;4319229,00;655943,04;6,58
1048;European Union - 27 countries (from 2020);10.1.2;9076599,00;655863,64;13,84
1049;European Union - 28 countries (2013-2020);10.1.2;9076599,00;749722,23;12,11
1050;Finland;10.1.2;232700,00;10406,57;22,36
1051;Greece;10.1.2;405091,00;8027,77;50,46
1052;Hungary;10.1.2;487497,00;2616376,37;0,19
1053;Ireland;10.1.2;178095,00;7245,86;24,58
1054;Japan;10.1.2;7536839,07;30375987,56;0,25
1055;Luxembourg;10.1.2;27002,00;1396,12;19,34
1056;Netherlands;10.1.2;632804,00;35706,16;17,72
1057;Poland;10.1.2;2168404,00;142090,08;15,26
1058;Portugal;10.1.2;352753,00;10236,87;34,46
1059;Romania;10.1.2;960093,00;65817,19;14,59
1060;Slovakia;10.1.2;252022,00;5993,58;42,05
1061;Slovenia;10.1.2;86952,00;3008,72;28,90
1062;Spain;10.1.2;1550932,00;58119,50;26,69
1063;Sweden;10.1.2;367820,00;127792,27;2,88
1064;United States;10.1.2;10901989,95;704557,46;15,47
1065;AT, BE, CZ, DE, DK, EE, ES, FI, FR, HU, IT, LT, LU, LV, NL, RO, SE, SI, SK and UK – Growth Accounts available from 2009;10.1.1;147980,00;34451,46;4,30
1066;AT, BE, CZ, DE, DK, ES, FI, FR, IT, NL, SE and UK – Growth Accounts available from 2000;10.1.1;114247,00;33766,29;3,38
1067;Austria;10.1.1;1071,00;58,34;18,36
1068;Croatia;10.1.1;25304,00;1624,52;15,58
1069;Cyprus;10.1.1;476,00;687,79;0,69
1070;Czechia;10.1.1;1297,00;367,28;3,53
1071;Denmark;10.1.1;28384,00;31211,45;0,91
1072;EU12 without UK;10.1.1;114247,00;24490,42;4,66
1073;EU20 without UK;10.1.1;147980,00;25175,59;5,88
1074;Euro area - 19 countries  (from 2015);10.1.1;240676,00;25891,25;9,30
1075;European Union - 15 countries (1995-2004);10.1.1;286211,00;39213,53;7,30
1076;European Union - 27 countries (from 2020);10.1.1;374927,00;31972,88;11,73
1077;European Union - 28 countries (2013-2020);10.1.1;374927,00;41248,74;9,09
1078;Finland;10.1.1;14900,00;759,35;19,62
1079;Greece;10.1.1;157422,00;5235,05;30,07
1080;Hungary;10.1.1;3911,00;4199,47;0,93
1081;Ireland;10.1.1;10005,00;71,33;140,26
1082;Japan;10.1.1;118211,94;2780705,01;0,04
1083;Netherlands;10.1.1;35688,00;3248,81;10,98
1084;Poland;10.1.1;27906,00;862,10;32,37
1085;Portugal;10.1.1;5834,00;155,18;37,60
1086;Romania;10.1.1;28652,00;2123,36;13,49
1087;Slovakia;10.1.1;543,00;14,64;37,08
1088;Slovenia;10.1.1;627,00;30,00;20,90
1089;Spain;10.1.1;14737,00;840,84;17,53
1090;Sweden;10.1.1;18170,00;9334,26;1,95
1091;United States;10.1.1;115625,90;15706,69;7,36
1092;AT, BE, CZ, DE, DK, EE, ES, FI, FR, HU, IT, LT, LU, LV, NL, RO, SE, SI, SK and UK – Growth Accounts available from 2009;8.1.1;140746445,00;5449246,52;25,83
1093;AT, BE, CZ, DE, DK, ES, FI, FR, IT, NL, SE and UK – Growth Accounts available from 2000;8.1.1;131067518,00;5267091,70;24,88
1094;Austria;8.1.1;3045380,00;137917,65;22,08
1095;Belgium;8.1.1;2111554,00;108298,49;19,50
1096;Bulgaria;8.1.1;1510826,00;29347,90;51,48
1097;Croatia;8.1.1;1045409,00;125616,60;8,32
1098;Cyprus;8.1.1;342764,00;8466,62;40,48
1099;Czechia;8.1.1;3051573,00;1523849,38;2,00
1100;Denmark;8.1.1;1954008,00;821098,78;2,38
1101;EU12 without UK;8.1.1;103771497,00;4263194,27;24,34
1102;EU20 without UK;8.1.1;113450424,00;4445349,09;25,52
1103;Estonia;8.1.1;426539,00;7741,87;55,10
1104;Euro area - 19 countries  (from 2015);8.1.1;107994794,00;4229673,72;25,53
1105;European Union - 15 countries (1995-2004);8.1.1;137596538,00;5475000,53;25,13
1106;European Union - 27 countries (from 2020);8.1.1;135253500,00;4876981,07;27,73
1107;European Union - 28 countries (2013-2020);8.1.1;162549521,00;5880878,50;27,64
1108;Finland;8.1.1;1894600,00;81116,22;23,36
1109;France;8.1.1;20167299,00;977207,97;20,64
1110;Germany (until 1990 former territory of the FRG);8.1.1;27541000,00;1216613,43;22,64
1111;Greece;8.1.1;3650793,00;52803,43;69,14
1112;Hungary;8.1.1;2733666,00;12441965,13;0,22
1113;Ireland;8.1.1;1674175,00;124627,43;13,43
1114;Italy;8.1.1;18281632,00;596305,03;30,66
1115;Japan;8.1.1;32866419,22;141619110,60;0,23
1116;Latvia;8.1.1;574020,00;8186,61;70,12
1117;Lithuania;8.1.1;846596,00;11450,65;73,93
1118;Luxembourg;8.1.1;294918,00;21181,95;13,92
1119;Malta;8.1.1;214184,00;6465,73;33,13
1120;Netherlands;8.1.1;6936205,00;316865,45;21,89
1121;Poland;8.1.1;8977679,00;557725,84;16,10
1122;Portugal;8.1.1;3960707,00;68712,30;57,64
1123;Romania;8.1.1;3294917,00;290352,55;11,35
1124;Slovakia;8.1.1;1330582,00;26052,33;51,07
1125;Slovenia;8.1.1;604228,00;13879,05;43,54
1126;Spain;8.1.1;14701846,00;459660,56;31,98
1127;Sweden;8.1.1;4086400,00;2047822,36;2,00
1128;United Kingdom;8.1.1;27296021,00;888158,10;30,73
1129;United States;8.1.1;116931462,22;7773751,16;15,04
1130;AT, BE, CZ, DE, DK, EE, ES, FI, FR, HU, IT, LT, LU, LV, NL, RO, SE, SI, SK and UK – Growth Accounts available from 2009;4.1.1;8251940,70;747445,33;11,04
1131;AT, BE, CZ, DE, DK, ES, FI, FR, IT, NL, SE and UK – Growth Accounts available from 2000;4.1.1;7665515,70;712700,31;10,76
1132;Austria;4.1.1;191706,00;16713,46;11,47
1133;Belgium;4.1.1;177985,70;31632,93;5,63
1134;Bulgaria;4.1.1;107510,00;7478,51;14,38
1135;Croatia;4.1.1;77336,00;22353,58;3,46
1136;Cyprus;4.1.1;34023,00;1879,13;18,11
1137;Czechia;4.1.1;161168,00;245585,40;0,66
1138;Denmark;4.1.1;114863,00;130660,81;0,88
1139;EU12 without UK;4.1.1;5746730,70;540148,35;10,64
1140;EU20 without UK;4.1.1;6333155,70;574893,37;11,02
1141;Estonia;4.1.1;22118,00;1100,18;20,10
1142;Euro area - 19 countries  (from 2015);4.1.1;6100479,70;561493,09;10,86
1143;European Union - 15 countries (1995-2004);4.1.1;8071162,70;761985,49;10,59
1144;European Union - 27 countries (from 2020);4.1.1;7881294,70;649200,79;12,14
1145;European Union - 28 countries (2013-2020);4.1.1;9800079,70;821752,75;11,93
1146;Finland;4.1.1;68200,00;7709,27;8,85
1147;France;4.1.1;1228147,00;101342,43;12,12
1148;Germany (until 1990 former territory of the FRG);4.1.1;1644000,00;136702,57;12,03
1149;Greece;4.1.1;181625,00;9837,59;18,46
1150;Hungary;4.1.1;138904,00;1520415,16;0,09
1151;Ireland;4.1.1;160333,00;21962,09;7,30
1152;Italy;4.1.1;1108881,00;92187,43;12,03
1153;Japan;4.1.1;2753331,88;26906742,37;0,10
1154;Latvia;4.1.1;28673,00;1070,54;26,78
1155;Lithuania;4.1.1;33648,00;1083,76;31,05
1156;Luxembourg;4.1.1;73298,00;16832,85;4,35
1157;Netherlands;4.1.1;328633,00;54862,42;5,99
1158;Poland;4.1.1;813635,00;91313,76;8,91
1159;Portugal;4.1.1;151559,00;10228,25;14,82
1160;Romania;4.1.1;199879,00;28840,92;6,93
1161;Slovakia;4.1.1;79343,00;3004,70;26,41
1162;Slovenia;4.1.1;32680,00;1788,32;18,27
1163;Spain;4.1.1;588307,00;52308,02;11,25
1164;Sweden;4.1.1;134840,00;200892,17;0,67
1165;United Kingdom;4.1.1;1918785,00;152658,45;12,57
1166;United States;4.1.1;11721119,51;1840871,89;6,37
1167;AT, BE, CZ, DE, DK, EE, ES, FI, FR, HU, IT, LT, LU, LV, NL, RO, SE, SI, SK and UK – Growth Accounts available from 2009;9.1.1;3835102,70;1763657,88;2,17
1168;AT, BE, CZ, DE, DK, ES, FI, FR, IT, NL, SE and UK – Growth Accounts available from 2000;9.1.1;3518602,70;1707780,54;2,06
1169;Austria;9.1.1;112318,00;40240,91;2,79
1170;Belgium;9.1.1;46778,70;44260,40;1,06
1171;Bulgaria;9.1.1;42513,00;11880,52;3,58
1172;Croatia;9.1.1;12995,00;34103,25;0,38
1173;Cyprus;9.1.1;4672,00;2220,67;2,10
1174;Czechia;9.1.1;187863,00;526888,76;0,36
1175;Denmark;9.1.1;66714,00;242109,85;0,28
1176;EU12 without UK;9.1.1;2660014,70;1363534,92;1,95
1177;EU20 without UK;9.1.1;2976514,70;1419412,26;2,10
1178;Estonia;9.1.1;16873,00;2651,01;6,36
1179;Euro area - 19 countries  (from 2015);9.1.1;2574815,70;1375232,04;1,87
1180;European Union - 15 countries (1995-2004);9.1.1;3510221,70;1772018,45;1,98
1181;European Union - 27 countries (from 2020);9.1.1;3513684,70;1541015,22;2,28
1182;European Union - 28 countries (2013-2020);9.1.1;4372272,70;1885260,83;2,32
1183;Finland;9.1.1;43000,00;30486,34;1,41
1184;France;9.1.1;589711,00;318353,45;1,85
1185;Germany (until 1990 former territory of the FRG);9.1.1;594000,00;375288,45;1,58
1186;Greece;9.1.1;36740,00;30266,45;1,21
1187;Hungary;9.1.1;130342,00;4058981,98;0,03
1188;Ireland;9.1.1;23264,00;23583,90;0,99
1189;Italy;9.1.1;367574,00;250807,34;1,47
1190;Japan;9.1.1;1835442,62;73208249,87;0,03
1191;Latvia;9.1.1;41793,00;3706,07;11,28
1192;Lithuania;9.1.1;28631,00;3307,03;8,66
1193;Luxembourg;9.1.1;6477,00;4702,68;1,38
1194;Netherlands;9.1.1;111918,00;59905,10;1,87
1195;Poland;9.1.1;287112,00;107225,95;2,68
1196;Portugal;9.1.1;113001,00;26228,76;4,31
1197;Romania;9.1.1;51744,00;84441,32;0,61
1198;Slovakia;9.1.1;47357,00;9757,87;4,85
1199;Slovenia;9.1.1;10156,00;3531,41;2,88
1200;Spain;9.1.1;390708,00;148646,74;2,63
1201;Sweden;9.1.1;149430,00;436165,47;0,34
1202;United Kingdom;9.1.1;858588,00;304557,54;2,82
1203;United States;9.1.1;3639610,80;2622427,58;1,39
1204;AT, BE, CZ, DE, DK, EE, ES, FI, FR, HU, IT, LT, LU, LV, NL, RO, SE, SI, SK and UK – Growth Accounts available from 2009;1.11.1;21448769,00;724853,50;29,59
1205;AT, BE, CZ, DE, DK, ES, FI, FR, IT, NL, SE and UK – Growth Accounts available from 2000;1.11.1;20145830,00;703577,55;28,63
1206;Austria;1.11.1;409268,00;18150,92;22,55
1207;Bulgaria;1.11.1;206211,00;2930,30;70,37
1208;Croatia;1.11.1;80125,00;9234,59;8,68
1209;Cyprus;1.11.1;25575,00;496,71;51,49
1210;Czechia;1.11.1;276426,00;116102,00;2,38
1211;Denmark;1.11.1;204632,00;75044,94;2,73
1212;EU12 without UK;1.11.1;15610185,00;569134,20;27,43
1213;EU20 without UK;1.11.1;16913124,00;590410,15;28,65
1214;Estonia;1.11.1;41965,00;1038,06;40,43
1215;Euro area - 19 countries  (from 2015);1.11.1;16371519,00;581975,45;28,13
1216;European Union - 15 countries (1995-2004);1.11.1;21077413,00;736412,01;28,62
1217;European Union - 27 countries (from 2020);1.11.1;19352738,00;644190,18;30,04
1218;European Union - 28 countries (2013-2020);1.11.1;23888383,00;778633,53;30,68
1219;Finland;1.11.1;242100,00;8920,93;27,14
1220;France;1.11.1;3550888,00;145521,94;24,40
1221;Germany (until 1990 former territory of the FRG);1.11.1;4232000,00;185849,17;22,77
1222;Greece;1.11.1;276152,00;3268,76;84,48
1223;Hungary;1.11.1;424792,00;1730848,26;0,25
1224;Ireland;1.11.1;195323,00;23234,93;8,41
1225;Italy;1.11.1;2331817,00;65608,64;35,54
1226;Latvia;1.11.1;67380,00;945,00;71,30
1227;Lithuania;1.11.1;100073,00;1538,67;65,04
1228;Luxembourg;1.11.1;44373,00;2426,63;18,29
1229;Malta;1.11.1;44147,00;1039,12;42,48
1230;Netherlands;1.11.1;1603629,00;58776,11;27,28
1231;Poland;1.11.1;877955,00;57650,66;15,23
1232;Portugal;1.11.1;692161,00;8431,07;82,10
1233;Romania;1.11.1;388165,00;28353,30;13,69
1234;Slovakia;1.11.1;192613,00;3305,96;58,26
1235;Slovenia;1.11.1;85543,00;1539,73;55,56
1236;Spain;1.11.1;2322055,00;53422,84;43,47
1237;Sweden;1.11.1;437370,00;187602,89;2,33
1238;United Kingdom;1.11.1;4535645,00;118943,38;38,13
1239;United States;1.11.1;17534121,57;932009,30;18,81
1240;AT, BE, CZ, DE, DK, EE, ES, FI, FR, HU, IT, LT, LU, LV, NL, RO, SE, SI, SK and UK – Growth Accounts available from 2009;8.1.2;19530036,90;959046,01;20,36
1241;AT, BE, CZ, DE, DK, ES, FI, FR, IT, NL, SE and UK – Growth Accounts available from 2000;8.1.2;17412125,90;916771,67;18,99
1242;Austria;8.1.2;439115,00;20279,35;21,65
1243;Belgium;8.1.2;689005,90;35812,33;19,24
1244;Bulgaria;8.1.2;387971,00;7312,82;53,05
1245;Croatia;8.1.2;202314,00;20796,49;9,73
1246;Cyprus;8.1.2;55988,00;1867,80;29,98
1247;Czechia;8.1.2;526763,00;344916,66;1,53
1248;Denmark;8.1.2;222457,00;111160,89;2,00
1249;EU12 without UK;8.1.2;15003894,90;791498,74;18,96
1250;EU20 without UK;8.1.2;17121805,90;833773,08;20,54
1251;Estonia;8.1.2;77335,00;1818,32;42,53
1252;Euro area - 19 countries  (from 2015);8.1.2;16060989,90;804293,44;19,97
1253;European Union - 15 countries (1995-2004);8.1.2;18459401,90;952419,94;19,38
1254;European Union - 27 countries (from 2020);8.1.2;21583903,90;918142,30;23,51
1255;European Union - 28 countries (2013-2020);8.1.2;23992134,90;1043415,24;22,99
1256;Finland;8.1.2;281200,00;13412,10;20,97
1257;France;8.1.2;3366091,00;193146,29;17,43
1258;Germany (until 1990 former territory of the FRG);8.1.2;3830000,00;219075,33;17,48
1259;Greece;8.1.2;792481,00;18937,31;41,85
1260;Hungary;8.1.2;729330,00;3418355,50;0,21
1261;Ireland;8.1.2;246508,00;11820,65;20,85
1262;Italy;8.1.2;1903848,00;122525,21;15,54
1263;Japan;8.1.2;4158924,25;32090179,64;0,13
1264;Latvia;8.1.2;104857,00;2322,94;45,14
1265;Lithuania;8.1.2;153376,00;2704,27;56,72
1266;Luxembourg;8.1.2;38975,00;3843,06;10,14
1267;Malta;8.1.2;28403,00;727,35;39,05
1268;Netherlands;8.1.2;734372,00;57131,04;12,85
1269;Poland;8.1.2;2175023,00;120001,51;18,12
1270;Portugal;8.1.2;496075,00;14495,86;34,22
1271;Romania;8.1.2;741759,00;62462,46;11,88
1272;Slovakia;8.1.2;270927,00;6588,31;41,12
1273;Slovenia;8.1.2;78687,00;2674,98;29,42
1274;Spain;8.1.2;2552433,00;77785,93;32,81
1275;Sweden;8.1.2;458610,00;245871,19;1,87
1276;United Kingdom;8.1.2;2408231,00;110830,22;21,73
1277;United States;8.1.2;41735192,27;3042847,39;13,72
